name,email,number,department,qualification,year,site,date,time,notes
"Kyle Moodley",kyle.moodley1@mycput.ac.za,200000001,"Biomedical Sciences","Higher Certificate in Biomedical Sciences","Year 1","Tygerberg Hospital",2026-10-28,"06:00 - 18:00",
"Lindiwe Cebekhulu",lindiwe.cebekhulu2@mycput.ac.za,200000002,"Nursing Sciences","Bachelor of Nursing (Extended Curriculum Programme)","Year 3","Tygerberg Hospital",2026-10-28,"06:00 - 18:00",
"Shannon Barnard",shannon.barnard3@mycput.ac.za,200000003,"Emergency Medical Sciences","Higher Certificate in Emergency Medical Care","Year 1","Tygerberg Hospital",2026-10-28,"06:00 - 18:00",
"Jade Erasmus",jade.erasmus4@mycput.ac.za,200000004,"Nursing Sciences","Bachelor of Nursing","Year 2","Tygerberg Hospital",2026-10-28,"06:00 - 18:00",
"Zweli Mokoena",zweli.mokoena5@mycput.ac.za,200000005,"Emergency Medical Sciences","Diploma in Emergency Care","Year 3","Tygerberg Hospital",2026-10-28,"06:00 - 18:00",
"Elsabe Ngcobo",elsabe.ngcobo6@mycput.ac.za,200000006,"Biomedical Sciences","Higher Certificate in Biomedical Sciences","Year 1","Tygerberg Hospital",2026-10-28,"06:00 - 18:00",
"Bulelwa Naidoo",bulelwa.naidoo7@mycput.ac.za,200000007,"Ophthalmic Sciences","Bachelor of Health Sciences in Opticianry","Year 1","Tygerberg Hospital",2026-10-22,"07:00 - 17:00",
"Themba Olivier",themba.olivier8@mycput.ac.za,200000008,"Emergency Medical Sciences","Diploma in Emergency Care","Year 1","Tygerberg Hospital",2026-10-22,"07:00 - 17:00",
"Francois Nel",francois.nel9@mycput.ac.za,200000009,"Emergency Medical Sciences","Diploma in Emergency Care","Year 3","Tygerberg Hospital",2026-10-22,"07:00 - 17:00",
"Marietjie Mthembu",marietjie.mthembu10@mycput.ac.za,200000010,"Biomedical Sciences","Bachelor of Health Sciences in Medical Laboratory Science","Year 2","Tygerberg Hospital",2026-10-22,"07:00 - 17:00",
"Henri Marais",henri.marais11@mycput.ac.za,200000011,"Emergency Medical Sciences","Bachelor of Emergency Medical Care (Extended Curriculum Programme)","Year 0","Tygerberg Hospital",2026-10-22,"07:00 - 17:00",
"Ntuthuko Joseph",ntuthuko.joseph12@mycput.ac.za,200000012,"Emergency Medical Sciences","Bachelor of Emergency Medical Care","Year 3","Tygerberg Hospital",2026-10-22,"07:00 - 17:00",
"Daniel Ndlovu",daniel.ndlovu13@mycput.ac.za,200000013,"Medical Imaging & Therapeutic Sciences","Bachelor of Science in Radiation Therapy","Year 2","Tygerberg Hospital",2026-10-23,"07:00 - 17:00",
"Dawie van der Merwe",dawie.van.der.merwe14@mycput.ac.za,200000014,"Emergency Medical Sciences","Bachelor of Emergency Medical Care","Year 4","Tygerberg Hospital",2026-10-23,"07:00 - 17:00",
"Rethabile Magerman",rethabile.magerman15@mycput.ac.za,200000015,"Biomedical Sciences","Higher Certificate in Biomedical Sciences","Year 1","Tygerberg Hospital",2026-10-23,"07:00 - 17:00",
"Naledi Nkosi",naledi.nkosi16@mycput.ac.za,200000016,"Biomedical Sciences","Bachelor of Health Sciences in Medical Laboratory Science","Year 4","Groote Schuur Hospital",2026-10-22,"07:00 - 17:00",
"Petrus Ndlovu",petrus.ndlovu17@mycput.ac.za,200000017,"Ophthalmic Sciences","Bachelor of Health Sciences in Opticianry","Year 3","Groote Schuur Hospital",2026-10-22,"07:00 - 17:00",
"Kimberley Thomas",kimberley.thomas18@mycput.ac.za,200000018,"Medical Imaging & Therapeutic Sciences","Bachelor of Science in Nuclear Medicine Technology","Year 1","Groote Schuur Hospital",2026-10-22,"07:00 - 17:00",
"Tayla Smith",tayla.smith19@mycput.ac.za,200000019,"Medical Imaging & Therapeutic Sciences","Bachelor of Science in Nuclear Medicine Technology","Year 3","Groote Schuur Hospital",2026-10-22,"07:00 - 17:00",
"Kagiso Naidoo",kagiso.naidoo20@mycput.ac.za,200000020,"Wellness Sciences","Advanced Diploma in Somatology","Year 4","Groote Schuur Hospital",2026-10-22,"07:00 - 17:00",
"Thabang van der Merwe",thabang.van.der.merwe21@mycput.ac.za,200000021,"Nursing Sciences","Bachelor of Nursing (Extended Curriculum Programme)","Year 1","Groote Schuur Hospital",2026-10-29,"07:00 - 17:00",
"Andile Ndlovu",andile.ndlovu22@mycput.ac.za,200000022,"Nursing Sciences","Bachelor of Nursing (Extended Curriculum Programme)","Year 0","Groote Schuur Hospital",2026-10-29,"07:00 - 17:00",
"Willem Roux",willem.roux23@mycput.ac.za,200000023,"Dental Sciences","Higher Certificate in Dental Assisting","Year 1","Groote Schuur Hospital",2026-10-29,"07:00 - 17:00",
"Emily Dlamini",emily.dlamini24@mycput.ac.za,200000024,"Medical Imaging & Therapeutic Sciences","Bachelor of Science in Diagnostic Radiography","Year 1","Groote Schuur Hospital",2026-10-29,"07:00 - 17:00",
"Jacobus Ngcobo",jacobus.ngcobo25@mycput.ac.za,200000025,"Nursing Sciences","Bachelor of Nursing","Year 4","Groote Schuur Hospital",2026-10-29,"07:00 - 17:00",
"Petrus Mostert",petrus.mostert26@mycput.ac.za,200000026,"Ophthalmic Sciences","Bachelor of Health Sciences in Opticianry","Year 4","Groote Schuur Hospital",2026-10-29,"07:00 - 17:00",
"Johannes Peters",johannes.peters27@mycput.ac.za,200000027,"Nursing Sciences","Bachelor of Nursing","Year 1","Groote Schuur Hospital",2026-10-06,"06:00 - 18:00",
"Reece Swanepoel",reece.swanepoel28@mycput.ac.za,200000028,"Medical Imaging & Therapeutic Sciences","Bachelor of Science in Diagnostic Radiography","Year 2","Groote Schuur Hospital",2026-10-06,"06:00 - 18:00",
"Sizwe Maphumulo",sizwe.maphumulo29@mycput.ac.za,200000029,"Nursing Sciences","Bachelor of Nursing (Extended Curriculum Programme)","Year 4","Groote Schuur Hospital",2026-10-06,"06:00 - 18:00",
"Reece Erasmus",reece.erasmus30@mycput.ac.za,200000030,"Emergency Medical Sciences","Diploma in Emergency Care","Year 2","Groote Schuur Hospital",2026-10-06,"06:00 - 18:00",
"Zweli Cloete",zweli.cloete31@mycput.ac.za,200000031,"Nursing Sciences","Bachelor of Nursing (Extended Curriculum Programme)","Year 0","Avondrust CPOA",2026-10-01,"18:00 - 06:00",
"Sandile Mthembu",sandile.mthembu32@mycput.ac.za,200000032,"Emergency Medical Sciences","Higher Certificate in Emergency Medical Care","Year 1","Avondrust CPOA",2026-10-01,"18:00 - 06:00",
"Ntuthuko Petersen",ntuthuko.petersen33@mycput.ac.za,200000033,"Biomedical Sciences","Bachelor of Health Sciences in Medical Laboratory Science (Articulation)","Year 3","Elsies River Clinic",2026-10-01,"07:00 - 19:00",
"Megan Booyse",megan.booyse34@mycput.ac.za,200000034,"Dental Sciences","Higher Certificate in Dental Assisting","Year 1","Elsies River Clinic",2026-10-01,"07:00 - 19:00",
"Chanel Coetzee",chanel.coetzee35@mycput.ac.za,200000035,"Dental Sciences","Higher Certificate in Dental Assisting","Year 1","Elsies River Clinic",2026-10-01,"07:00 - 19:00",
"Joshua Visser",joshua.visser36@mycput.ac.za,200000036,"Medical Imaging & Therapeutic Sciences","Bachelor of Science in Diagnostic Ultrasound","Year 3","Goodwood CHC",2026-10-01,"06:00 - 14:00",
"Chloe Hendricks",chloe.hendricks37@mycput.ac.za,200000037,"Nursing Sciences","Bachelor of Nursing (Extended Curriculum Programme)","Year 0","Goodwood CHC",2026-10-01,"06:00 - 14:00",
"Keabetswe Viljoen",keabetswe.viljoen38@mycput.ac.za,200000038,"Emergency Medical Sciences","Higher Certificate in Emergency Medical Care","Year 1","Goodwood CHC",2026-10-01,"06:00 - 14:00",
"Themba Booyse",themba.booyse39@mycput.ac.za,200000039,"Biomedical Sciences","Bachelor of Health Sciences in Medical Laboratory Science (Extended Curriculum Programme)","Year 4","Grassy Park CHC",2026-10-01,"18:00 - 06:00",
"Chanel Adams",chanel.adams40@mycput.ac.za,200000040,"Nursing Sciences","Bachelor of Nursing","Year 3","Grassy Park CHC",2026-10-01,"18:00 - 06:00",
"Nomfundo Ndlovu",nomfundo.ndlovu41@mycput.ac.za,200000041,"Dental Sciences","Higher Certificate in Dental Assisting","Year 1","Hanover Park CHC",2026-10-01,"06:00 - 18:00",
"Kagiso Roux",kagiso.roux42@mycput.ac.za,200000042,"Biomedical Sciences","Bachelor of Health Sciences in Medical Laboratory Science (Articulation)","Year 2","Hanover Park CHC",2026-10-01,"06:00 - 18:00",
"Joshua Nkosi",joshua.nkosi43@mycput.ac.za,200000043,"Emergency Medical Sciences","Bachelor of Emergency Medical Care","Year 3","Hanover Park CHC",2026-10-01,"06:00 - 18:00",
"Keabetswe Thomas",keabetswe.thomas44@mycput.ac.za,200000044,"Nursing Sciences","Bachelor of Nursing","Year 3","Kasselsvlei CDC",2026-10-01,"07:00 - 17:00",
"Philani Ndlovu",philani.ndlovu45@mycput.ac.za,200000045,"Medical Imaging & Therapeutic Sciences","Bachelor of Science in Diagnostic Ultrasound","Year 4","Kasselsvlei CDC",2026-10-01,"07:00 - 17:00",
"Keabetswe Sibiya",keabetswe.sibiya46@mycput.ac.za,200000046,"Nursing Sciences","Bachelor of Nursing (Extended Curriculum Programme)","Year 4","Kasselsvlei CDC",2026-10-01,"07:00 - 17:00",
"Zweli Botha",zweli.botha47@mycput.ac.za,200000047,"Ophthalmic Sciences","Bachelor of Health Sciences in Opticianry","Year 2","Kasselsvlei CDC",2026-10-01,"07:00 - 17:00",
"Megan Singh",megan.singh48@mycput.ac.za,200000048,"Medical Imaging & Therapeutic Sciences","Bachelor of Science in Diagnostic Radiography","Year 1","Kasselsvlei CDC",2026-10-01,"07:00 - 17:00",
"Mmabatho Radebe",mmabatho.radebe49@mycput.ac.za,200000049,"Nursing Sciences","Bachelor of Nursing (Extended Curriculum Programme)","Year 0","Khayelitsha District Hospital",2026-10-01,"18:00 - 06:00",
"Charl Hendricks",charl.hendricks50@mycput.ac.za,200000050,"Emergency Medical Sciences","Higher Certificate in Emergency Medical Care","Year 1","Khayelitsha District Hospital",2026-10-01,"18:00 - 06:00",
"Megan Sibiya",megan.sibiya51@mycput.ac.za,200000051,"Medical Imaging & Therapeutic Sciences","Bachelor of Science in Radiation Therapy","Year 2","Kuyasa Clinic",2026-10-01,"19:00 - 07:00",
"Thandi Petersen",thandi.petersen52@mycput.ac.za,200000052,"Emergency Medical Sciences","Higher Certificate in Emergency Medical Care","Year 1","Kuyasa Clinic",2026-10-01,"19:00 - 07:00",
"Xolani Olivier",xolani.olivier53@mycput.ac.za,200000053,"Dental Sciences","Higher Certificate in Dental Assisting","Year 1","Kuyasa Clinic",2026-10-01,"19:00 - 07:00",
"Onthatile Basson",onthatile.basson54@mycput.ac.za,200000054,"Biomedical Sciences","Bachelor of Health Sciences in Medical Laboratory Science (Articulation)","Year 3","Kuyasa Clinic",2026-10-01,"19:00 - 07:00",
"Jacobus van der Merwe",jacobus.van.der.merwe55@mycput.ac.za,200000055,"Biomedical Sciences","Higher Certificate in Biomedical Sciences","Year 1","Life Vincent Pallotti Hospital",2026-10-01,"18:00 - 06:00",
"Andile Steyn",andile.steyn56@mycput.ac.za,200000056,"Biomedical Sciences","Bachelor of Health Sciences in Medical Laboratory Science (Articulation)","Year 4","Life Vincent Pallotti Hospital",2026-10-01,"18:00 - 06:00",
"Raeleng Ruth Sibiya",raeleng.ruth.sibiya57@mycput.ac.za,200000057,"Emergency Medical Sciences","Diploma in Emergency Care","Year 3","Life Vincent Pallotti Hospital",2026-10-01,"18:00 - 06:00",
"Mikayla Booyse",mikayla.booyse58@mycput.ac.za,200000058,"Wellness Sciences","Diploma in Somatology","Year 1","Life Vincent Pallotti Hospital",2026-10-01,"18:00 - 06:00",
"Sizwe Maphumulo",sizwe.maphumulo59@mycput.ac.za,200000059,"Nursing Sciences","Bachelor of Nursing (Extended Curriculum Programme)","Year 4","Life Vincent Pallotti Hospital",2026-10-01,"18:00 - 06:00",
"Thabo Grobler",thabo.grobler60@mycput.ac.za,200000060,"Medical Imaging & Therapeutic Sciences","Bachelor of Science in Nuclear Medicine Technology","Year 2","Louis Leipoldt Medi-Clinic",2026-10-01,"06:00 - 14:00",
"Dawie Dlamini",dawie.dlamini61@mycput.ac.za,200000061,"Nursing Sciences","Bachelor of Nursing (Extended Curriculum Programme)","Year 3","Louis Leipoldt Medi-Clinic",2026-10-01,"06:00 - 14:00",
"Nicolette Maphumulo",nicolette.maphumulo62@mycput.ac.za,200000062,"Emergency Medical Sciences","Higher Certificate in Emergency Medical Care","Year 1","Louis Leipoldt Medi-Clinic",2026-10-01,"06:00 - 14:00",
"Sanele Swanepoel",sanele.swanepoel63@mycput.ac.za,200000063,"Biomedical Sciences","Bachelor of Health Sciences in Medical Laboratory Science (Extended Curriculum Programme)","Year 1","Stellenbosch Hospital",2026-10-01,"07:00 - 19:00",
"Nathan Singh",nathan.singh64@mycput.ac.za,200000064,"Ophthalmic Sciences","Bachelor of Health Sciences in Opticianry","Year 3","Stellenbosch Hospital",2026-10-01,"07:00 - 19:00",
"Raeleng Ruth Adams",raeleng.ruth.adams65@mycput.ac.za,200000065,"Nursing Sciences","Bachelor of Nursing","Year 1","Stellenbosch Hospital",2026-10-01,"07:00 - 19:00",
"Kabelo Mthembu",kabelo.mthembu66@mycput.ac.za,200000066,"Nursing Sciences","Bachelor of Nursing (Extended Curriculum Programme)","Year 2","Alexandra Hospital",2026-10-02,"19:00 - 07:00",
"Palesa Buthelezi",palesa.buthelezi67@mycput.ac.za,200000067,"Dental Sciences","Higher Certificate in Dental Assisting","Year 1","Alexandra Hospital",2026-10-02,"19:00 - 07:00",
"Susan Joseph",susan.joseph68@mycput.ac.za,200000068,"Emergency Medical Sciences","Bachelor of Emergency Medical Care","Year 2","Gugulethu CHC",2026-10-02,"07:00 - 19:00",
"Lungile Kotze",lungile.kotze69@mycput.ac.za,200000069,"Medical Imaging & Therapeutic Sciences","Bachelor of Science in Radiation Therapy","Year 1","Gugulethu CHC",2026-10-02,"07:00 - 19:00",
"Keabetswe Jacobs",keabetswe.jacobs70@mycput.ac.za,200000070,"Wellness Sciences","Advanced Diploma in Somatology","Year 4","Gugulethu CHC",2026-10-02,"07:00 - 19:00",
"Daniel Maphumulo",daniel.maphumulo71@mycput.ac.za,200000071,"Biomedical Sciences","Bachelor of Health Sciences in Medical Laboratory Science (Extended Curriculum Programme)","Year 3","Hanover Park CHC",2026-10-02,"07:00 - 17:00",
"Ayanda Barnard",ayanda.barnard72@mycput.ac.za,200000072,"Emergency Medical Sciences","Higher Certificate in Emergency Medical Care","Year 1","Hanover Park CHC",2026-10-02,"07:00 - 17:00",
"Annelie Fourie",annelie.fourie73@mycput.ac.za,200000073,"Biomedical Sciences","Bachelor of Health Sciences in Medical Laboratory Science (Extended Curriculum Programme)","Year 2","Hanover Park CHC",2026-10-02,"07:00 - 17:00",
"Nomfundo Louw",nomfundo.louw74@mycput.ac.za,200000074,"Wellness Sciences","Diploma in Somatology","Year 2","Hanover Park CHC",2026-10-02,"07:00 - 17:00",
"Joshua Scheepers",joshua.scheepers75@mycput.ac.za,200000075,"Nursing Sciences","Bachelor of Nursing","Year 4","Hanover Park CHC",2026-10-02,"07:00 - 17:00",
"Zanele Cebekhulu",zanele.cebekhulu76@mycput.ac.za,200000076,"Medical Imaging & Therapeutic Sciences","Bachelor of Science in Diagnostic Ultrasound","Year 2","Ikhwezi Clinic",2026-10-02,"19:00 - 07:00",
"Sanele Zulu",sanele.zulu77@mycput.ac.za,200000077,"Dental Sciences","Higher Certificate in Dental Assisting","Year 1","Ikhwezi Clinic",2026-10-02,"19:00 - 07:00",
"Annelie Erasmus",annelie.erasmus78@mycput.ac.za,200000078,"Nursing Sciences","Bachelor of Nursing","Year 4","Langa Clinic",2026-10-02,"07:00 - 19:00",
"Shannon Ngcobo",shannon.ngcobo79@mycput.ac.za,200000079,"Nursing Sciences","Bachelor of Nursing","Year 2","Langa Clinic",2026-10-02,"07:00 - 19:00",
"Dawie Roux",dawie.roux80@mycput.ac.za,200000080,"Nursing Sciences","Bachelor of Nursing (Extended Curriculum Programme)","Year 0","Metro Ambulance Services",2026-10-02,"07:00 - 17:00",
"Henri Diedericks",henri.diedericks81@mycput.ac.za,200000081,"Ophthalmic Sciences","Bachelor of Health Sciences in Opticianry","Year 2","Metro Ambulance Services",2026-10-02,"07:00 - 17:00",
"Joshua Swanepoel",joshua.swanepoel82@mycput.ac.za,200000082,"Nursing Sciences","Bachelor of Nursing","Year 3","Metro Ambulance Services",2026-10-02,"07:00 - 17:00",
"Liezl Nkosi",liezl.nkosi83@mycput.ac.za,200000083,"Nursing Sciences","Bachelor of Nursing (Extended Curriculum Programme)","Year 3","Parow CHC",2026-10-02,"06:00 - 18:00",
"Mikayla Filander",mikayla.filander84@mycput.ac.za,200000084,"Nursing Sciences","Bachelor of Nursing","Year 1","Parow CHC",2026-10-02,"06:00 - 18:00",
"Susan Moodley",susan.moodley85@mycput.ac.za,200000085,"Medical Imaging & Therapeutic Sciences","Bachelor of Science in Radiation Therapy","Year 4","Ravensmead CHC",2026-10-02,"18:00 - 06:00",
"Nomfundo Fester",nomfundo.fester86@mycput.ac.za,200000086,"Biomedical Sciences","Bachelor of Health Sciences in Medical Laboratory Science","Year 1","Ravensmead CHC",2026-10-02,"18:00 - 06:00",
"Kabelo Mthembu",kabelo.mthembu87@mycput.ac.za,200000087,"Wellness Sciences","Diploma in Somatology","Year 1","Ravensmead CHC",2026-10-02,"18:00 - 06:00",
"Joshua Viljoen",joshua.viljoen88@mycput.ac.za,200000088,"Medical Imaging & Therapeutic Sciences","Bachelor of Science in Diagnostic Radiography","Year 2","Ravensmead CHC",2026-10-02,"18:00 - 06:00",
"Lerato Ngcobo",lerato.ngcobo89@mycput.ac.za,200000089,"Dental Sciences","Higher Certificate in Dental Assisting","Year 1","Stellenbosch Hospital",2026-10-02,"19:00 - 07:00",
"Palesa Cloete",palesa.cloete90@mycput.ac.za,200000090,"Biomedical Sciences","Bachelor of Health Sciences in Medical Laboratory Science (Extended Curriculum Programme)","Year 3","Stellenbosch Hospital",2026-10-02,"19:00 - 07:00",
"Caleb Khumalo",caleb.khumalo91@mycput.ac.za,200000091,"Emergency Medical Sciences","Bachelor of Emergency Medical Care (Extended Curriculum Programme)","Year 2","Stellenbosch Hospital",2026-10-02,"19:00 - 07:00",
"Sibusiso Radebe",sibusiso.radebe92@mycput.ac.za,200000092,"Biomedical Sciences","Bachelor of Health Sciences in Medical Laboratory Science","Year 1","Vanguard CHC",2026-10-02,"18:00 - 06:00",
"Kgomotso Mathebula",kgomotso.mathebula93@mycput.ac.za,200000093,"Nursing Sciences","Bachelor of Nursing","Year 3","Vanguard CHC",2026-10-02,"18:00 - 06:00",
"Tebogo Kekana",tebogo.kekana94@mycput.ac.za,200000094,"Biomedical Sciences","Bachelor of Health Sciences in Medical Laboratory Science","Year 3","Victoria Hospital",2026-10-02,"19:00 - 07:00",
"Willem Louw",willem.louw95@mycput.ac.za,200000095,"Emergency Medical Sciences","Diploma in Emergency Care","Year 1","Victoria Hospital",2026-10-02,"19:00 - 07:00",
"Zikhona Filander",zikhona.filander96@mycput.ac.za,200000096,"Ophthalmic Sciences","Bachelor of Health Sciences in Opticianry","Year 2","Victoria Hospital",2026-10-02,"19:00 - 07:00",
"Mpumelelo Meyer",mpumelelo.meyer97@mycput.ac.za,200000097,"Nursing Sciences","Bachelor of Nursing (Extended Curriculum Programme)","Year 0","Victoria Hospital",2026-10-02,"19:00 - 07:00",
"Themba Klaasen",themba.klaasen98@mycput.ac.za,200000098,"Dental Sciences","Higher Certificate in Dental Assisting","Year 1","Grassy Park CHC",2026-10-05,"07:00 - 19:00",
"Philani Basson",philani.basson99@mycput.ac.za,200000099,"Nursing Sciences","Bachelor of Nursing (Extended Curriculum Programme)","Year 4","Grassy Park CHC",2026-10-05,"07:00 - 19:00",
"Lindiwe Burger",lindiwe.burger100@mycput.ac.za,200000100,"Biomedical Sciences","Bachelor of Health Sciences in Medical Laboratory Science (Extended Curriculum Programme)","Year 1","Grassy Park CHC",2026-10-05,"07:00 - 19:00",
"Francois Buthelezi",francois.buthelezi101@mycput.ac.za,200000101,"Medical Imaging & Therapeutic Sciences","Bachelor of Science in Diagnostic Ultrasound","Year 4","Helderberg Hospital",2026-10-05,"07:00 - 17:00",
"Raeleng Ruth Molefe",raeleng.ruth.molefe102@mycput.ac.za,200000102,"Medical Imaging & Therapeutic Sciences","Bachelor of Science in Radiation Therapy","Year 2","Helderberg Hospital",2026-10-05,"07:00 - 17:00",
"Caleb Swartz",caleb.swartz103@mycput.ac.za,200000103,"Nursing Sciences","Bachelor of Nursing (Extended Curriculum Programme)","Year 0","Helderberg Hospital",2026-10-05,"07:00 - 17:00",
"Keabetswe Williams",keabetswe.williams104@mycput.ac.za,200000104,"Nursing Sciences","Bachelor of Nursing","Year 2","Lady Michaelis CHC",2026-10-05,"06:00 - 18:00",
"Jordan Jonkers",jordan.jonkers105@mycput.ac.za,200000105,"Nursing Sciences","Bachelor of Nursing","Year 4","Lady Michaelis CHC",2026-10-05,"06:00 - 18:00",
"Ayanda Klaasen",ayanda.klaasen106@mycput.ac.za,200000106,"Nursing Sciences","Bachelor of Nursing (Extended Curriculum Programme)","Year 2","Langa Clinic",2026-10-05,"06:00 - 18:00",
"Amahle Booyse",amahle.booyse107@mycput.ac.za,200000107,"Nursing Sciences","Bachelor of Nursing","Year 4","Langa Clinic",2026-10-05,"06:00 - 18:00",
"Jordan Dentlinger",jordan.dentlinger108@mycput.ac.za,200000108,"Nursing Sciences","Bachelor of Nursing (Extended Curriculum Programme)","Year 4","Langa Clinic",2026-10-05,"06:00 - 18:00",
"Mikayla Molefe",mikayla.molefe109@mycput.ac.za,200000109,"Wellness Sciences","Diploma in Somatology","Year 2","Langa Clinic",2026-10-05,"06:00 - 18:00",
"Mbalentle Adams",mbalentle.adams110@mycput.ac.za,200000110,"Biomedical Sciences","Bachelor of Health Sciences in Medical Laboratory Science (Articulation)","Year 2","Langa Clinic",2026-10-05,"06:00 - 18:00",
"Jade Mokoena",jade.mokoena111@mycput.ac.za,200000111,"Nursing Sciences","Bachelor of Nursing","Year 1","Lotus River CHC",2026-10-05,"19:00 - 07:00",
"Kgosi Mostert",kgosi.mostert112@mycput.ac.za,200000112,"Nursing Sciences","Bachelor of Nursing (Extended Curriculum Programme)","Year 2","Lotus River CHC",2026-10-05,"19:00 - 07:00",
"Matshidiso de Kock",matshidiso.de.kock113@mycput.ac.za,200000113,"Emergency Medical Sciences","Higher Certificate in Emergency Medical Care","Year 1","Lotus River CHC",2026-10-05,"19:00 - 07:00",
"Onthatile Meyer",onthatile.meyer114@mycput.ac.za,200000114,"Nursing Sciences","Bachelor of Nursing","Year 3","Lotus River CHC",2026-10-05,"19:00 - 07:00",
"Emily Scheepers",emily.scheepers115@mycput.ac.za,200000115,"Emergency Medical Sciences","Bachelor of Emergency Medical Care (Extended Curriculum Programme)","Year 1","Lotus River CHC",2026-10-05,"19:00 - 07:00",
"Liezl Adams",liezl.adams116@mycput.ac.za,200000116,"Nursing Sciences","Bachelor of Nursing","Year 3","Metro Ambulance Services",2026-10-05,"18:00 - 06:00",
"Kyle Fredericks",kyle.fredericks117@mycput.ac.za,200000117,"Biomedical Sciences","Bachelor of Health Sciences in Medical Laboratory Science (Extended Curriculum Programme)","Year 4","Metro Ambulance Services",2026-10-05,"18:00 - 06:00",
"Mikayla Meyer",mikayla.meyer118@mycput.ac.za,200000118,"Nursing Sciences","Bachelor of Nursing","Year 2","Metro EMS Northern Division",2026-10-05,"18:00 - 06:00",
"Reece Williams",reece.williams119@mycput.ac.za,200000119,"Medical Imaging & Therapeutic Sciences","Bachelor of Science in Diagnostic Radiography","Year 2","Metro EMS Northern Division",2026-10-05,"18:00 - 06:00",
"Hendrik Meyer",hendrik.meyer120@mycput.ac.za,200000120,"Nursing Sciences","Bachelor of Nursing (Extended Curriculum Programme)","Year 2","Metro EMS Northern Division",2026-10-05,"18:00 - 06:00",
"Caleb Sibiya",caleb.sibiya121@mycput.ac.za,200000121,"Emergency Medical Sciences","Bachelor of Emergency Medical Care","Year 4","Nyanga CHC",2026-10-05,"18:00 - 06:00",
"Sandile Bezuidenhout",sandile.bezuidenhout122@mycput.ac.za,200000122,"Biomedical Sciences","Bachelor of Health Sciences in Medical Laboratory Science (Extended Curriculum Programme)","Year 2","Nyanga CHC",2026-10-05,"18:00 - 06:00",
"Thabang Zulu",thabang.zulu123@mycput.ac.za,200000123,"Nursing Sciences","Bachelor of Nursing","Year 3","Nyanga CHC",2026-10-05,"18:00 - 06:00",
"Sandile Jonkers",sandile.jonkers124@mycput.ac.za,200000124,"Nursing Sciences","Bachelor of Nursing","Year 4","Nyanga CHC",2026-10-05,"18:00 - 06:00",
"Mpumelelo Booyse",mpumelelo.booyse125@mycput.ac.za,200000125,"Nursing Sciences","Bachelor of Nursing (Extended Curriculum Programme)","Year 4","Nyanga CHC",2026-10-05,"18:00 - 06:00",
"Hendrik Pretorius",hendrik.pretorius126@mycput.ac.za,200000126,"Wellness Sciences","Health and Wellness: Non-Diploma/Degree",N/A,"Pinelands Place",2026-10-05,"06:00 - 18:00",
"Daniel Steyn",daniel.steyn127@mycput.ac.za,200000127,"Medical Imaging & Therapeutic Sciences","Bachelor of Science in Radiation Therapy","Year 4","Pinelands Place",2026-10-05,"06:00 - 18:00",
"Thabo Mthembu",thabo.mthembu128@mycput.ac.za,200000128,"Biomedical Sciences","Bachelor of Health Sciences in Medical Laboratory Science (Articulation)","Year 2","Pinelands Place",2026-10-05,"06:00 - 18:00",
"Philani Peters",philani.peters129@mycput.ac.za,200000129,"Emergency Medical Sciences","Higher Certificate in Emergency Medical Care","Year 1","Pinelands Place",2026-10-05,"06:00 - 18:00",
"Emily Peters",emily.peters130@mycput.ac.za,200000130,"Emergency Medical Sciences","Bachelor of Emergency Medical Care (Extended Curriculum Programme)","Year 3","Retreat CHC",2026-10-05,"06:00 - 18:00",
"Rethabile Naidoo",rethabile.naidoo131@mycput.ac.za,200000131,"Biomedical Sciences","Bachelor of Health Sciences in Medical Laboratory Science (Articulation)","Year 4","Retreat CHC",2026-10-05,"06:00 - 18:00",
"Nosipho Moodley",nosipho.moodley132@mycput.ac.za,200000132,"Biomedical Sciences","Bachelor of Health Sciences in Medical Laboratory Science","Year 4","Retreat CHC",2026-10-05,"06:00 - 18:00",
"Nosipho Abrahams",nosipho.abrahams133@mycput.ac.za,200000133,"Biomedical Sciences","Bachelor of Health Sciences in Medical Laboratory Science (Articulation)","Year 3","Retreat CHC",2026-10-05,"06:00 - 18:00",
"Pieter Venter",pieter.venter134@mycput.ac.za,200000134,"Dental Sciences","Higher Certificate in Dental Assisting","Year 1","Stellenbosch Hospital",2026-10-05,"18:00 - 06:00",
"Reece Sauls",reece.sauls135@mycput.ac.za,200000135,"Biomedical Sciences","Bachelor of Health Sciences in Medical Laboratory Science","Year 1","Stellenbosch Hospital",2026-10-05,"18:00 - 06:00",
"Philani Liebenberg",philani.liebenberg136@mycput.ac.za,200000136,"Nursing Sciences","Bachelor of Nursing","Year 3","Stellenbosch Hospital",2026-10-05,"18:00 - 06:00",
"Nadia Abrahams",nadia.abrahams137@mycput.ac.za,200000137,"Ophthalmic Sciences","Bachelor of Health Sciences in Opticianry","Year 1","Stellenbosch Hospital",2026-10-05,"18:00 - 06:00",
"Megan Fredericks",megan.fredericks138@mycput.ac.za,200000138,"Emergency Medical Sciences","Higher Certificate in Emergency Medical Care","Year 1","Stellenbosch Hospital",2026-10-05,"18:00 - 06:00",
"Emily Joseph",emily.joseph139@mycput.ac.za,200000139,"Nursing Sciences","Bachelor of Nursing","Year 1","Eerste River Hospital",2026-10-06,"06:00 - 18:00",
"Boitumelo Peters",boitumelo.peters140@mycput.ac.za,200000140,"Medical Imaging & Therapeutic Sciences","Bachelor of Science in Radiation Therapy","Year 4","Eerste River Hospital",2026-10-06,"06:00 - 18:00",
"Maria Burger",maria.burger141@mycput.ac.za,200000141,"Wellness Sciences","Diploma in Somatology","Year 2","Eerste River Hospital",2026-10-06,"06:00 - 18:00",
"Ayanda Erasmus",ayanda.erasmus142@mycput.ac.za,200000142,"Wellness Sciences","Advanced Diploma in Somatology","Year 4","Eerste River Hospital",2026-10-06,"06:00 - 18:00",
"Sandile Mokoena",sandile.mokoena143@mycput.ac.za,200000143,"Emergency Medical Sciences","Bachelor of Emergency Medical Care (Extended Curriculum Programme)","Year 4","Eerste River Hospital",2026-10-06,"06:00 - 18:00",
"Mpho Cebekhulu",mpho.cebekhulu144@mycput.ac.za,200000144,"Biomedical Sciences","Bachelor of Health Sciences in Medical Laboratory Science (Extended Curriculum Programme)","Year 3","Erica Place CPOA",2026-10-06,"07:00 - 19:00",
"Nathan Ndlovu",nathan.ndlovu145@mycput.ac.za,200000145,"Ophthalmic Sciences","Bachelor of Health Sciences in Opticianry","Year 1","Erica Place CPOA",2026-10-06,"07:00 - 19:00",
"Jade Kotze",jade.kotze146@mycput.ac.za,200000146,"Emergency Medical Sciences","Bachelor of Emergency Medical Care (Extended Curriculum Programme)","Year 0","Helderberg Hospital",2026-10-06,"18:00 - 06:00",
"Nosipho Smith",nosipho.smith147@mycput.ac.za,200000147,"Emergency Medical Sciences","Bachelor of Emergency Medical Care","Year 3","Helderberg Hospital",2026-10-06,"18:00 - 06:00",
"Palesa Jonkers",palesa.jonkers148@mycput.ac.za,200000148,"Biomedical Sciences","Bachelor of Health Sciences in Medical Laboratory Science (Articulation)","Year 3","Helderberg Hospital",2026-10-06,"18:00 - 06:00",
"Jade Swanepoel",jade.swanepoel149@mycput.ac.za,200000149,"Nursing Sciences","Bachelor of Nursing (Extended Curriculum Programme)","Year 1","Helderberg Hospital",2026-10-06,"18:00 - 06:00",
"Lerato Dlamini",lerato.dlamini150@mycput.ac.za,200000150,"Nursing Sciences","Bachelor of Nursing (Extended Curriculum Programme)","Year 3","Kraaifontein Community Health Centre",2026-10-06,"19:00 - 07:00",
"Nadia Steyn",nadia.steyn151@mycput.ac.za,200000151,"Biomedical Sciences","Higher Certificate in Biomedical Sciences","Year 1","Kraaifontein Community Health Centre",2026-10-06,"19:00 - 07:00",
"Charl Jonkers",charl.jonkers152@mycput.ac.za,200000152,"Biomedical Sciences","Bachelor of Health Sciences in Medical Laboratory Science","Year 4","Kraaifontein Community Health Centre",2026-10-06,"19:00 - 07:00",
"Palesa Williams",palesa.williams153@mycput.ac.za,200000153,"Biomedical Sciences","Higher Certificate in Biomedical Sciences","Year 1","Lady Michaelis CHC",2026-10-06,"18:00 - 06:00",
"Jade Smith",jade.smith154@mycput.ac.za,200000154,"Medical Imaging & Therapeutic Sciences","Bachelor of Science in Nuclear Medicine Technology","Year 3","Lady Michaelis CHC",2026-10-06,"18:00 - 06:00",
"Lwazi Roux",lwazi.roux155@mycput.ac.za,200000155,"Emergency Medical Sciences","Diploma in Emergency Care","Year 3","Lady Michaelis CHC",2026-10-06,"18:00 - 06:00",
"Thabo van der Merwe",thabo.van.der.merwe156@mycput.ac.za,200000156,"Medical Imaging & Therapeutic Sciences","Bachelor of Science in Diagnostic Radiography","Year 3","Landsdowne Clinic",2026-10-06,"18:00 - 06:00",
"Onthatile Louw",onthatile.louw157@mycput.ac.za,200000157,"Biomedical Sciences","Higher Certificate in Biomedical Sciences","Year 1","Landsdowne Clinic",2026-10-06,"18:00 - 06:00",
"Liezl Nkosi",liezl.nkosi158@mycput.ac.za,200000158,"Dental Sciences","Higher Certificate in Dental Assisting","Year 1","Lotus River CPOA",2026-10-06,"07:00 - 19:00",
"Henri Meyer",henri.meyer159@mycput.ac.za,200000159,"Emergency Medical Sciences","Diploma in Emergency Care","Year 3","Lotus River CPOA",2026-10-06,"07:00 - 19:00",
"Tebogo Meyer",tebogo.meyer160@mycput.ac.za,200000160,"Nursing Sciences","Bachelor of Nursing (Extended Curriculum Programme)","Year 0","Lotus River CPOA",2026-10-06,"07:00 - 19:00",
"Zikhona Burger",zikhona.burger161@mycput.ac.za,200000161,"Nursing Sciences","Bachelor of Nursing","Year 3","Louis Leipoldt Medi-Clinic",2026-10-06,"07:00 - 17:00",
"Mpumelelo Jonkers",mpumelelo.jonkers162@mycput.ac.za,200000162,"Nursing Sciences","Bachelor of Nursing (Extended Curriculum Programme)","Year 4","Louis Leipoldt Medi-Clinic",2026-10-06,"07:00 - 17:00",
"Naledi Zulu",naledi.zulu163@mycput.ac.za,200000163,"Emergency Medical Sciences","Diploma in Emergency Care","Year 2","Louis Leipoldt Medi-Clinic",2026-10-06,"07:00 - 17:00",
"Lerato Swanepoel",lerato.swanepoel164@mycput.ac.za,200000164,"Dental Sciences","Higher Certificate in Dental Assisting","Year 1","Mowbray Maternity Hospital",2026-10-06,"07:00 - 17:00",
"Themba Steyn",themba.steyn165@mycput.ac.za,200000165,"Emergency Medical Sciences","Diploma in Emergency Care","Year 1","Mowbray Maternity Hospital",2026-10-06,"07:00 - 17:00",
"Nadia Plaatjies",nadia.plaatjies166@mycput.ac.za,200000166,"Nursing Sciences","Bachelor of Nursing","Year 4","Ravensmead CHC",2026-10-06,"06:00 - 18:00",
"Chloe Mostert",chloe.mostert167@mycput.ac.za,200000167,"Wellness Sciences","Advanced Diploma in Somatology","Year 4","Ravensmead CHC",2026-10-06,"06:00 - 18:00",
"Jacobus van der Merwe",jacobus.van.der.merwe168@mycput.ac.za,200000168,"Nursing Sciences","Bachelor of Nursing (Extended Curriculum Programme)","Year 4","Reed Street CDC",2026-10-06,"07:00 - 19:00",
"Naledi Govender",naledi.govender169@mycput.ac.za,200000169,"Biomedical Sciences","Bachelor of Health Sciences in Medical Laboratory Science (Extended Curriculum Programme)","Year 0","Reed Street CDC",2026-10-06,"07:00 - 19:00",
"Nicolette Grobler",nicolette.grobler170@mycput.ac.za,200000170,"Nursing Sciences","Bachelor of Nursing (Extended Curriculum Programme)","Year 3","Reed Street CDC",2026-10-06,"07:00 - 19:00",
"Naledi Molefe",naledi.molefe171@mycput.ac.za,200000171,"Medical Imaging & Therapeutic Sciences","Bachelor of Science in Radiation Therapy","Year 4","Reed Street CDC",2026-10-06,"07:00 - 19:00",
"Zweli Jansen",zweli.jansen172@mycput.ac.za,200000172,"Emergency Medical Sciences","Bachelor of Emergency Medical Care","Year 4","Rocklands Clinic",2026-10-06,"18:00 - 06:00",
"Refilwe Kekana",refilwe.kekana173@mycput.ac.za,200000173,"Nursing Sciences","Bachelor of Nursing (Extended Curriculum Programme)","Year 0","Rocklands Clinic",2026-10-06,"18:00 - 06:00",
"Refilwe Ngcobo",refilwe.ngcobo174@mycput.ac.za,200000174,"Nursing Sciences","Bachelor of Nursing (Extended Curriculum Programme)","Year 3","Rocklands Clinic",2026-10-06,"18:00 - 06:00",
"Caleb Louw",caleb.louw175@mycput.ac.za,200000175,"Nursing Sciences","Bachelor of Nursing","Year 1","Vangate MOU",2026-10-06,"19:00 - 07:00",
"Chloe Radebe",chloe.radebe176@mycput.ac.za,200000176,"Emergency Medical Sciences","Diploma in Emergency Care","Year 3","Vangate MOU",2026-10-06,"19:00 - 07:00",
"Dylan Meyer",dylan.meyer177@mycput.ac.za,200000177,"Nursing Sciences","Bachelor of Nursing (Extended Curriculum Programme)","Year 4","Vangate MOU",2026-10-06,"19:00 - 07:00",
"Thabo Liebenberg",thabo.liebenberg178@mycput.ac.za,200000178,"Nursing Sciences","Bachelor of Nursing","Year 4","Vangate MOU",2026-10-06,"19:00 - 07:00",
"Nathan Jansen",nathan.jansen179@mycput.ac.za,200000179,"Ophthalmic Sciences","Bachelor of Health Sciences in Opticianry","Year 2","Vangate MOU",2026-10-06,"19:00 - 07:00",
"Emily Plaatjies",emily.plaatjies180@mycput.ac.za,200000180,"Dental Sciences","Higher Certificate in Dental Assisting","Year 1","Vanguard CHC",2026-10-06,"06:00 - 18:00",
"Mikayla Govender",mikayla.govender181@mycput.ac.za,200000181,"Emergency Medical Sciences","Bachelor of Emergency Medical Care (Extended Curriculum Programme)","Year 1","Vanguard CHC",2026-10-06,"06:00 - 18:00",
"Mikayla Roux",mikayla.roux182@mycput.ac.za,200000182,"Emergency Medical Sciences","Bachelor of Emergency Medical Care","Year 2","Vanguard CHC",2026-10-06,"06:00 - 18:00",
"Lindiwe Ngcobo",lindiwe.ngcobo183@mycput.ac.za,200000183,"Biomedical Sciences","Bachelor of Health Sciences in Medical Laboratory Science (Extended Curriculum Programme)","Year 0","Elsies River CHC & MOU",2026-10-07,"19:00 - 07:00",
"Kabelo Thomas",kabelo.thomas184@mycput.ac.za,200000184,"Nursing Sciences","Bachelor of Nursing","Year 1","Elsies River CHC & MOU",2026-10-07,"19:00 - 07:00",
"Sibusiso Filander",sibusiso.filander185@mycput.ac.za,200000185,"Biomedical Sciences","Bachelor of Health Sciences in Medical Laboratory Science","Year 3","Hanover Park CHC",2026-10-07,"06:00 - 14:00",
"Kgosi Swartz",kgosi.swartz186@mycput.ac.za,200000186,"Nursing Sciences","Bachelor of Nursing","Year 2","Hanover Park CHC",2026-10-07,"06:00 - 14:00",
"Thabo Govender",thabo.govender187@mycput.ac.za,200000187,"Nursing Sciences","Bachelor of Nursing (Extended Curriculum Programme)","Year 2","Hanover Park CHC",2026-10-07,"06:00 - 14:00",
"Lerato Cebekhulu",lerato.cebekhulu188@mycput.ac.za,200000188,"Emergency Medical Sciences","Bachelor of Emergency Medical Care (Extended Curriculum Programme)","Year 3","Hanover Park CHC",2026-10-07,"06:00 - 14:00",
"Nathan Dentlinger",nathan.dentlinger189@mycput.ac.za,200000189,"Biomedical Sciences","Bachelor of Health Sciences in Medical Laboratory Science (Articulation)","Year 3","Hanover Park CHC",2026-10-07,"06:00 - 14:00",
"Zweli Smith",zweli.smith190@mycput.ac.za,200000190,"Ophthalmic Sciences","Bachelor of Health Sciences in Opticianry","Year 4","Helderberg Hospital",2026-10-07,"07:00 - 19:00",
"Ruan Fredericks",ruan.fredericks191@mycput.ac.za,200000191,"Wellness Sciences","Diploma in Somatology","Year 1","Helderberg Hospital",2026-10-07,"07:00 - 19:00",
"Johannes Joseph",johannes.joseph192@mycput.ac.za,200000192,"Nursing Sciences","Bachelor of Nursing (Extended Curriculum Programme)","Year 3","Helderberg Hospital",2026-10-07,"07:00 - 19:00",
"Nomfundo Mathebula",nomfundo.mathebula193@mycput.ac.za,200000193,"Biomedical Sciences","Higher Certificate in Biomedical Sciences","Year 1","Helderberg Hospital",2026-10-07,"07:00 - 19:00",
"Zweli Singh",zweli.singh194@mycput.ac.za,200000194,"Emergency Medical Sciences","Bachelor of Emergency Medical Care (Extended Curriculum Programme)","Year 4","Helderberg Hospital",2026-10-07,"07:00 - 19:00",
"Annelie Swartz",annelie.swartz195@mycput.ac.za,200000195,"Biomedical Sciences","Bachelor of Health Sciences in Medical Laboratory Science (Extended Curriculum Programme)","Year 0","Ikhwezi Clinic",2026-10-07,"19:00 - 07:00",
"Kgomotso Swartz",kgomotso.swartz196@mycput.ac.za,200000196,"Emergency Medical Sciences","Higher Certificate in Emergency Medical Care","Year 1","Ikhwezi Clinic",2026-10-07,"19:00 - 07:00",
"Kgomotso Mokoena",kgomotso.mokoena197@mycput.ac.za,200000197,"Nursing Sciences","Bachelor of Nursing (Extended Curriculum Programme)","Year 0","Ikhwezi Clinic",2026-10-07,"19:00 - 07:00",
"Sibusiso Swartz",sibusiso.swartz198@mycput.ac.za,200000198,"Medical Imaging & Therapeutic Sciences","Bachelor of Science in Diagnostic Ultrasound","Year 2","Ikhwezi Clinic",2026-10-07,"19:00 - 07:00",
"Naledi van der Merwe",naledi.van.der.merwe199@mycput.ac.za,200000199,"Biomedical Sciences","Higher Certificate in Biomedical Sciences","Year 1","Ikhwezi Clinic",2026-10-07,"19:00 - 07:00",
"Mthokozisi Filander",mthokozisi.filander200@mycput.ac.za,200000200,"Medical Imaging & Therapeutic Sciences","Bachelor of Science in Nuclear Medicine Technology","Year 1","Kasselsvlei CDC",2026-10-07,"19:00 - 07:00",
"Zanele Swanepoel",zanele.swanepoel201@mycput.ac.za,200000201,"Wellness Sciences","Health and Wellness: Non-Diploma/Degree",N/A,"Kasselsvlei CDC",2026-10-07,"19:00 - 07:00",
"Rethabile Williams",rethabile.williams202@mycput.ac.za,200000202,"Nursing Sciences","Bachelor of Nursing (Extended Curriculum Programme)","Year 1","Kasselsvlei CDC",2026-10-07,"19:00 - 07:00",
"Lindiwe Singh",lindiwe.singh203@mycput.ac.za,200000203,"Nursing Sciences","Bachelor of Nursing","Year 3","Kasselsvlei CDC",2026-10-07,"19:00 - 07:00",
"Daniel Louw",daniel.louw204@mycput.ac.za,200000204,"Medical Imaging & Therapeutic Sciences","Bachelor of Science in Nuclear Medicine Technology","Year 4","Kasselsvlei CDC",2026-10-07,"19:00 - 07:00",
"Reece Mthembu",reece.mthembu205@mycput.ac.za,200000205,"Biomedical Sciences","Higher Certificate in Biomedical Sciences","Year 1","Kraaifontein Community Health Centre",2026-10-07,"06:00 - 18:00",
"Naledi Erasmus",naledi.erasmus206@mycput.ac.za,200000206,"Nursing Sciences","Bachelor of Nursing","Year 4","Kraaifontein Community Health Centre",2026-10-07,"06:00 - 18:00",
"Sibusiso Fester",sibusiso.fester207@mycput.ac.za,200000207,"Medical Imaging & Therapeutic Sciences","Bachelor of Science in Nuclear Medicine Technology","Year 1","Kraaifontein Community Health Centre",2026-10-07,"06:00 - 18:00",
"Kimberley Jacobs",kimberley.jacobs208@mycput.ac.za,200000208,"Emergency Medical Sciences","Diploma in Emergency Care","Year 1","Kraaifontein Community Health Centre",2026-10-07,"06:00 - 18:00",
"Dawie Dentlinger",dawie.dentlinger209@mycput.ac.za,200000209,"Emergency Medical Sciences","Bachelor of Emergency Medical Care (Extended Curriculum Programme)","Year 3","Kuyasa Clinic",2026-10-07,"07:00 - 17:00",
"Bongani Basson",bongani.basson210@mycput.ac.za,200000210,"Biomedical Sciences","Bachelor of Health Sciences in Medical Laboratory Science","Year 1","Kuyasa Clinic",2026-10-07,"07:00 - 17:00",
"Reece Plaatjies",reece.plaatjies211@mycput.ac.za,200000211,"Dental Sciences","Higher Certificate in Dental Assisting","Year 1","Lady Michaelis CHC",2026-10-07,"07:00 - 17:00",
"Boitumelo Dentlinger",boitumelo.dentlinger212@mycput.ac.za,200000212,"Medical Imaging & Therapeutic Sciences","Bachelor of Science in Diagnostic Ultrasound","Year 4","Lady Michaelis CHC",2026-10-07,"07:00 - 17:00",
"Nomfundo Govender",nomfundo.govender213@mycput.ac.za,200000213,"Nursing Sciences","Bachelor of Nursing","Year 3","Lady Michaelis CHC",2026-10-07,"07:00 - 17:00",
"Ntombi Burger",ntombi.burger214@mycput.ac.za,200000214,"Dental Sciences","Higher Certificate in Dental Assisting","Year 1","Lady Michaelis CHC",2026-10-07,"07:00 - 17:00",
"Thabang Ngcobo",thabang.ngcobo215@mycput.ac.za,200000215,"Medical Imaging & Therapeutic Sciences","Bachelor of Science in Diagnostic Radiography","Year 1","Lady Michaelis CHC",2026-10-07,"07:00 - 17:00",
"Lindiwe Smith",lindiwe.smith216@mycput.ac.za,200000216,"Nursing Sciences","Bachelor of Nursing (Extended Curriculum Programme)","Year 3","Landsdowne Clinic",2026-10-07,"07:00 - 19:00",
"Nosipho Mokoena",nosipho.mokoena217@mycput.ac.za,200000217,"Ophthalmic Sciences","Bachelor of Health Sciences in Opticianry","Year 2","Landsdowne Clinic",2026-10-07,"07:00 - 19:00",
"Rethabile Dentlinger",rethabile.dentlinger218@mycput.ac.za,200000218,"Nursing Sciences","Bachelor of Nursing (Extended Curriculum Programme)","Year 1","Manor Care CPOA",2026-10-07,"19:00 - 07:00",
"Nathan Frank",nathan.frank219@mycput.ac.za,200000219,"Emergency Medical Sciences","Bachelor of Emergency Medical Care (Extended Curriculum Programme)","Year 4","Manor Care CPOA",2026-10-07,"19:00 - 07:00",
"Francois Grobler",francois.grobler220@mycput.ac.za,200000220,"Biomedical Sciences","Higher Certificate in Biomedical Sciences","Year 1","Manor Care CPOA",2026-10-07,"19:00 - 07:00",
"Keabetswe Sibiya",keabetswe.sibiya221@mycput.ac.za,200000221,"Emergency Medical Sciences","Higher Certificate in Emergency Medical Care","Year 1","Manor Care CPOA",2026-10-07,"19:00 - 07:00",
"Nosipho Cloete",nosipho.cloete222@mycput.ac.za,200000222,"Nursing Sciences","Bachelor of Nursing (Extended Curriculum Programme)","Year 3","Paarl Hospital",2026-10-07,"18:00 - 06:00",
"Mpumelelo Visser",mpumelelo.visser223@mycput.ac.za,200000223,"Emergency Medical Sciences","Diploma in Emergency Care","Year 2","Paarl Hospital",2026-10-07,"18:00 - 06:00",
"Mikayla Pretorius",mikayla.pretorius224@mycput.ac.za,200000224,"Biomedical Sciences","Higher Certificate in Biomedical Sciences","Year 1","Paarl Hospital",2026-10-07,"18:00 - 06:00",
"Mpho Petersen",mpho.petersen225@mycput.ac.za,200000225,"Ophthalmic Sciences","Bachelor of Health Sciences in Opticianry","Year 2","Paarl Hospital",2026-10-07,"18:00 - 06:00",
"Joshua Marais",joshua.marais226@mycput.ac.za,200000226,"Ophthalmic Sciences","Bachelor of Health Sciences in Opticianry","Year 2","Pinelands Place",2026-10-07,"19:00 - 07:00",
"Mikayla Fredericks",mikayla.fredericks227@mycput.ac.za,200000227,"Emergency Medical Sciences","Higher Certificate in Emergency Medical Care","Year 1","Pinelands Place",2026-10-07,"19:00 - 07:00",
"Mmabatho Jonkers",mmabatho.jonkers228@mycput.ac.za,200000228,"Nursing Sciences","Bachelor of Nursing","Year 4","Pinelands Place",2026-10-07,"19:00 - 07:00",
"Thabang Hendricks",thabang.hendricks229@mycput.ac.za,200000229,"Biomedical Sciences","Higher Certificate in Biomedical Sciences","Year 1","Pinelands Place",2026-10-07,"19:00 - 07:00",
"Dawie Erasmus",dawie.erasmus230@mycput.ac.za,200000230,"Nursing Sciences","Bachelor of Nursing (Extended Curriculum Programme)","Year 2","Pinelands Place",2026-10-07,"19:00 - 07:00",
"Francois Kekana",francois.kekana231@mycput.ac.za,200000231,"Biomedical Sciences","Bachelor of Health Sciences in Medical Laboratory Science (Extended Curriculum Programme)","Year 4","Retreat MOU",2026-10-07,"19:00 - 07:00",
"Sinegugu Venter",sinegugu.venter232@mycput.ac.za,200000232,"Ophthalmic Sciences","Bachelor of Health Sciences in Opticianry","Year 4","Retreat MOU",2026-10-07,"19:00 - 07:00",
"Sibusiso de Kock",sibusiso.de.kock233@mycput.ac.za,200000233,"Medical Imaging & Therapeutic Sciences","Bachelor of Science in Radiation Therapy","Year 4","St Vincent CDC",2026-10-07,"07:00 - 19:00",
"Dawie Williams",dawie.williams234@mycput.ac.za,200000234,"Nursing Sciences","Bachelor of Nursing (Extended Curriculum Programme)","Year 2","St Vincent CDC",2026-10-07,"07:00 - 19:00",
"Charl Nkosi",charl.nkosi235@mycput.ac.za,200000235,"Emergency Medical Sciences","Bachelor of Emergency Medical Care (Extended Curriculum Programme)","Year 0","St Vincent CDC",2026-10-07,"07:00 - 19:00",
"Lerato Cebekhulu",lerato.cebekhulu236@mycput.ac.za,200000236,"Nursing Sciences","Bachelor of Nursing","Year 2","St Vincent CDC",2026-10-07,"07:00 - 19:00",
"Pieter Dlamini",pieter.dlamini237@mycput.ac.za,200000237,"Medical Imaging & Therapeutic Sciences","Bachelor of Science in Radiation Therapy","Year 2","St Vincent CDC",2026-10-07,"07:00 - 19:00",
"Bongani Coetzee",bongani.coetzee238@mycput.ac.za,200000238,"Emergency Medical Sciences","Bachelor of Emergency Medical Care","Year 1","Eerste River Hospital",2026-10-08,"07:00 - 17:00",
"Nomfundo Meyer",nomfundo.meyer239@mycput.ac.za,200000239,"Emergency Medical Sciences","Diploma in Emergency Care","Year 3","Eerste River Hospital",2026-10-08,"07:00 - 17:00",
"Palesa Arendse",palesa.arendse240@mycput.ac.za,200000240,"Emergency Medical Sciences","Bachelor of Emergency Medical Care (Extended Curriculum Programme)","Year 1","Eerste River Hospital",2026-10-08,"07:00 - 17:00",
"Bulelwa Dlamini",bulelwa.dlamini241@mycput.ac.za,200000241,"Ophthalmic Sciences","Bachelor of Health Sciences in Opticianry","Year 3","Eerste River Hospital",2026-10-08,"07:00 - 17:00",
"Refilwe Frank",refilwe.frank242@mycput.ac.za,200000242,"Biomedical Sciences","Bachelor of Health Sciences in Medical Laboratory Science","Year 2","Eerste River Hospital",2026-10-08,"07:00 - 17:00",
"Liezl Khumalo",liezl.khumalo243@mycput.ac.za,200000243,"Dental Sciences","Higher Certificate in Dental Assisting","Year 1","Erica Place CPOA",2026-10-08,"06:00 - 18:00",
"Lerato Maphumulo",lerato.maphumulo244@mycput.ac.za,200000244,"Medical Imaging & Therapeutic Sciences","Bachelor of Science in Radiation Therapy","Year 3","Erica Place CPOA",2026-10-08,"06:00 - 18:00",
"Nomfundo Williams",nomfundo.williams245@mycput.ac.za,200000245,"Biomedical Sciences","Bachelor of Health Sciences in Medical Laboratory Science","Year 4","Erica Place CPOA",2026-10-08,"06:00 - 18:00",
"Lerato Mostert",lerato.mostert246@mycput.ac.za,200000246,"Biomedical Sciences","Bachelor of Health Sciences in Medical Laboratory Science (Articulation)","Year 3","Erica Place CPOA",2026-10-08,"06:00 - 18:00",
"Caleb Frank",caleb.frank247@mycput.ac.za,200000247,"Ophthalmic Sciences","Bachelor of Health Sciences in Opticianry","Year 3","Gugulethu MOU",2026-10-08,"18:00 - 06:00",
"Andile Kotze",andile.kotze248@mycput.ac.za,200000248,"Nursing Sciences","Bachelor of Nursing","Year 2","Gugulethu MOU",2026-10-08,"18:00 - 06:00",
"Tebogo Smith",tebogo.smith249@mycput.ac.za,200000249,"Nursing Sciences","Bachelor of Nursing (Extended Curriculum Programme)","Year 1","Gugulethu MOU",2026-10-08,"18:00 - 06:00",
"Sibusiso Dlamini",sibusiso.dlamini250@mycput.ac.za,200000250,"Biomedical Sciences","Higher Certificate in Biomedical Sciences","Year 1","Gugulethu MOU",2026-10-08,"18:00 - 06:00",
"Sipho Magerman",sipho.magerman251@mycput.ac.za,200000251,"Dental Sciences","Higher Certificate in Dental Assisting","Year 1","Gugulethu MOU",2026-10-08,"18:00 - 06:00",
"Joshua Williams",joshua.williams252@mycput.ac.za,200000252,"Ophthalmic Sciences","Bachelor of Health Sciences in Opticianry","Year 1","Kraaifontein Community Health Centre",2026-10-08,"07:00 - 19:00",
"Kimberley Olivier",kimberley.olivier253@mycput.ac.za,200000253,"Wellness Sciences","Diploma in Somatology","Year 2","Kraaifontein Community Health Centre",2026-10-08,"07:00 - 19:00",
"Palesa Joseph",palesa.joseph254@mycput.ac.za,200000254,"Medical Imaging & Therapeutic Sciences","Bachelor of Science in Diagnostic Radiography","Year 4","Kraaifontein Community Health Centre",2026-10-08,"07:00 - 19:00",
"Jacobus Radebe",jacobus.radebe255@mycput.ac.za,200000255,"Nursing Sciences","Bachelor of Nursing (Extended Curriculum Programme)","Year 3","Kraaifontein Community Health Centre",2026-10-08,"07:00 - 19:00",
"Kabelo Cebekhulu",kabelo.cebekhulu256@mycput.ac.za,200000256,"Wellness Sciences","Advanced Diploma in Somatology","Year 4","Macassar CHC",2026-10-08,"07:00 - 17:00",
"Keabetswe Diedericks",keabetswe.diedericks257@mycput.ac.za,200000257,"Medical Imaging & Therapeutic Sciences","Bachelor of Science in Radiation Therapy","Year 4","Macassar CHC",2026-10-08,"07:00 - 17:00",
"Refilwe Moodley",refilwe.moodley258@mycput.ac.za,200000258,"Nursing Sciences","Bachelor of Nursing (Extended Curriculum Programme)","Year 1","Macassar CHC",2026-10-08,"07:00 - 17:00",
"Johannes Naidoo",johannes.naidoo259@mycput.ac.za,200000259,"Biomedical Sciences","Bachelor of Health Sciences in Medical Laboratory Science (Extended Curriculum Programme)","Year 2","Mitchell's Plain District Hospital",2026-10-08,"19:00 - 07:00",
"Reece Sithole",reece.sithole260@mycput.ac.za,200000260,"Emergency Medical Sciences","Higher Certificate in Emergency Medical Care","Year 1","Mitchell's Plain District Hospital",2026-10-08,"19:00 - 07:00",
"Marietjie Nkosi",marietjie.nkosi261@mycput.ac.za,200000261,"Nursing Sciences","Bachelor of Nursing (Extended Curriculum Programme)","Year 2","Mitchell's Plain District Hospital",2026-10-08,"19:00 - 07:00",
"Sandile Kotze",sandile.kotze262@mycput.ac.za,200000262,"Ophthalmic Sciences","Bachelor of Health Sciences in Opticianry","Year 1","Mowbray Maternity Hospital",2026-10-08,"06:00 - 18:00",
"Nosipho Visser",nosipho.visser263@mycput.ac.za,200000263,"Dental Sciences","Higher Certificate in Dental Assisting","Year 1","Mowbray Maternity Hospital",2026-10-08,"06:00 - 18:00",
"Lungile Klaasen",lungile.klaasen264@mycput.ac.za,200000264,"Nursing Sciences","Bachelor of Nursing (Extended Curriculum Programme)","Year 3","Nolungile CHC",2026-10-08,"06:00 - 14:00",
"Anna Singh",anna.singh265@mycput.ac.za,200000265,"Nursing Sciences","Bachelor of Nursing (Extended Curriculum Programme)","Year 3","Nolungile CHC",2026-10-08,"06:00 - 14:00",
"Palesa Burger",palesa.burger266@mycput.ac.za,200000266,"Emergency Medical Sciences","Bachelor of Emergency Medical Care (Extended Curriculum Programme)","Year 1","Nolungile CHC",2026-10-08,"06:00 - 14:00",
"Tebogo van der Merwe",tebogo.van.der.merwe267@mycput.ac.za,200000267,"Ophthalmic Sciences","Bachelor of Health Sciences in Opticianry","Year 4","Nolungile CHC",2026-10-08,"06:00 - 14:00",
"Refilwe Klaasen",refilwe.klaasen268@mycput.ac.za,200000268,"Wellness Sciences","Diploma in Somatology","Year 3","Nyanga CHC",2026-10-08,"07:00 - 19:00",
"Kgosi Booyse",kgosi.booyse269@mycput.ac.za,200000269,"Medical Imaging & Therapeutic Sciences","Bachelor of Science in Diagnostic Radiography","Year 1","Nyanga CHC",2026-10-08,"07:00 - 19:00",
"Nosipho Mokoena",nosipho.mokoena270@mycput.ac.za,200000270,"Biomedical Sciences","Bachelor of Health Sciences in Medical Laboratory Science (Articulation)","Year 3","Nyanga CHC",2026-10-08,"07:00 - 19:00",
"Boitumelo Govender",boitumelo.govender271@mycput.ac.za,200000271,"Emergency Medical Sciences","Bachelor of Emergency Medical Care (Extended Curriculum Programme)","Year 2","Nyanga CHC",2026-10-08,"07:00 - 19:00",
"Nadia Govender",nadia.govender272@mycput.ac.za,200000272,"Biomedical Sciences","Bachelor of Health Sciences in Medical Laboratory Science (Articulation)","Year 4","Parow CHC",2026-10-08,"18:00 - 06:00",
"Boitumelo Nkosi",boitumelo.nkosi273@mycput.ac.za,200000273,"Nursing Sciences","Bachelor of Nursing (Extended Curriculum Programme)","Year 3","Parow CHC",2026-10-08,"18:00 - 06:00",
"Xolani Viljoen",xolani.viljoen274@mycput.ac.za,200000274,"Emergency Medical Sciences","Bachelor of Emergency Medical Care","Year 3","Parow CHC",2026-10-08,"18:00 - 06:00",
"Andile Sithole",andile.sithole275@mycput.ac.za,200000275,"Emergency Medical Sciences","Bachelor of Emergency Medical Care (Extended Curriculum Programme)","Year 4","Parow CHC",2026-10-08,"18:00 - 06:00",
"Lwazi Govender",lwazi.govender276@mycput.ac.za,200000276,"Biomedical Sciences","Bachelor of Health Sciences in Medical Laboratory Science","Year 3","Parow CHC",2026-10-08,"18:00 - 06:00",
"Thandi Basson",thandi.basson277@mycput.ac.za,200000277,"Nursing Sciences","Bachelor of Nursing (Extended Curriculum Programme)","Year 0","Retreat CHC",2026-10-08,"18:00 - 06:00",
"Maria Maphumulo",maria.maphumulo278@mycput.ac.za,200000278,"Nursing Sciences","Bachelor of Nursing","Year 4","Retreat CHC",2026-10-08,"18:00 - 06:00",
"Emily Zulu",emily.zulu279@mycput.ac.za,200000279,"Nursing Sciences","Bachelor of Nursing (Extended Curriculum Programme)","Year 2","Symphony CDC",2026-10-08,"07:00 - 19:00",
"Sibusiso Olivier",sibusiso.olivier280@mycput.ac.za,200000280,"Nursing Sciences","Bachelor of Nursing (Extended Curriculum Programme)","Year 2","Symphony CDC",2026-10-08,"07:00 - 19:00",
"Susan Olivier",susan.olivier281@mycput.ac.za,200000281,"Ophthalmic Sciences","Bachelor of Health Sciences in Opticianry","Year 2","Symphony CDC",2026-10-08,"07:00 - 19:00",
"Raeleng Ruth Naidoo",raeleng.ruth.naidoo282@mycput.ac.za,200000282,"Nursing Sciences","Bachelor of Nursing (Extended Curriculum Programme)","Year 3","Symphony CDC",2026-10-08,"07:00 - 19:00",
"Susan Louw",susan.louw283@mycput.ac.za,200000283,"Biomedical Sciences","Bachelor of Health Sciences in Medical Laboratory Science (Extended Curriculum Programme)","Year 4","Victoria Hospital",2026-10-08,"06:00 - 18:00",
"Keabetswe Adams",keabetswe.adams284@mycput.ac.za,200000284,"Nursing Sciences","Bachelor of Nursing (Extended Curriculum Programme)","Year 1","Victoria Hospital",2026-10-08,"06:00 - 18:00",
"Nosipho Joseph",nosipho.joseph285@mycput.ac.za,200000285,"Biomedical Sciences","Higher Certificate in Biomedical Sciences","Year 1","Victoria Hospital",2026-10-08,"06:00 - 18:00",
"Liezl Arendse",liezl.arendse286@mycput.ac.za,200000286,"Emergency Medical Sciences","Diploma in Emergency Care","Year 1","Victoria Hospital",2026-10-08,"06:00 - 18:00",
"Thabang Dentlinger",thabang.dentlinger287@mycput.ac.za,200000287,"Biomedical Sciences","Higher Certificate in Biomedical Sciences","Year 1","Avondrust CPOA",2026-10-09,"06:00 - 18:00",
"Sanele Joseph",sanele.joseph288@mycput.ac.za,200000288,"Nursing Sciences","Bachelor of Nursing","Year 4","Avondrust CPOA",2026-10-09,"06:00 - 18:00",
"Mikayla Swartz",mikayla.swartz289@mycput.ac.za,200000289,"Dental Sciences","Higher Certificate in Dental Assisting","Year 1","Avondrust CPOA",2026-10-09,"06:00 - 18:00",
"Francois van der Merwe",francois.van.der.merwe290@mycput.ac.za,200000290,"Emergency Medical Sciences","Diploma in Emergency Care","Year 1","Bishop Lavis CHC",2026-10-09,"19:00 - 07:00",
"Nadia Mahlangu",nadia.mahlangu291@mycput.ac.za,200000291,"Medical Imaging & Therapeutic Sciences","Bachelor of Science in Diagnostic Ultrasound","Year 1","Bishop Lavis CHC",2026-10-09,"19:00 - 07:00",
"Kabelo Klaasen",kabelo.klaasen292@mycput.ac.za,200000292,"Nursing Sciences","Bachelor of Nursing","Year 2","Bishop Lavis CHC",2026-10-09,"19:00 - 07:00",
"Zweli Nel",zweli.nel293@mycput.ac.za,200000293,"Ophthalmic Sciences","Bachelor of Health Sciences in Opticianry","Year 1","Bishop Lavis CHC",2026-10-09,"19:00 - 07:00",
"Busisiwe Fourie",busisiwe.fourie294@mycput.ac.za,200000294,"Medical Imaging & Therapeutic Sciences","Bachelor of Science in Diagnostic Radiography","Year 2","Bishop Lavis CHC",2026-10-09,"19:00 - 07:00",
"Ntombi Marais",ntombi.marais295@mycput.ac.za,200000295,"Medical Imaging & Therapeutic Sciences","Bachelor of Science in Diagnostic Ultrasound","Year 4","College of Emergency Care",2026-10-09,"19:00 - 07:00",
"Zikhona Jansen",zikhona.jansen296@mycput.ac.za,200000296,"Nursing Sciences","Bachelor of Nursing","Year 1","College of Emergency Care",2026-10-09,"19:00 - 07:00",
"Mpumelelo Naidoo",mpumelelo.naidoo297@mycput.ac.za,200000297,"Nursing Sciences","Bachelor of Nursing (Extended Curriculum Programme)","Year 0","College of Emergency Care",2026-10-09,"19:00 - 07:00",
"Reece Booyse",reece.booyse298@mycput.ac.za,200000298,"Nursing Sciences","Bachelor of Nursing (Extended Curriculum Programme)","Year 1","College of Emergency Care",2026-10-09,"19:00 - 07:00",
"Caleb van der Merwe",caleb.van.der.merwe299@mycput.ac.za,200000299,"Nursing Sciences","Bachelor of Nursing (Extended Curriculum Programme)","Year 3","Elsies River CHC & MOU",2026-10-09,"18:00 - 06:00",
"Zanele Peters",zanele.peters300@mycput.ac.za,200000300,"Nursing Sciences","Bachelor of Nursing (Extended Curriculum Programme)","Year 4","Elsies River CHC & MOU",2026-10-09,"18:00 - 06:00",
"Kyle Filander",kyle.filander301@mycput.ac.za,200000301,"Medical Imaging & Therapeutic Sciences","Bachelor of Science in Radiation Therapy","Year 1","Elsies River CHC & MOU",2026-10-09,"18:00 - 06:00",
"Emily de Kock",emily.de.kock302@mycput.ac.za,200000302,"Nursing Sciences","Bachelor of Nursing (Extended Curriculum Programme)","Year 0","Elsies River CHC & MOU",2026-10-09,"18:00 - 06:00",
"Emily Burger",emily.burger303@mycput.ac.za,200000303,"Dental Sciences","Higher Certificate in Dental Assisting","Year 1","Elsies River CHC & MOU",2026-10-09,"18:00 - 06:00",
"Nicolette Hendricks",nicolette.hendricks304@mycput.ac.za,200000304,"Wellness Sciences","Health and Wellness: Non-Diploma/Degree",N/A,"Gugulethu CHC",2026-10-09,"07:00 - 19:00",
"Zikhona de Kock",zikhona.de.kock305@mycput.ac.za,200000305,"Medical Imaging & Therapeutic Sciences","Bachelor of Science in Diagnostic Ultrasound","Year 2","Gugulethu CHC",2026-10-09,"07:00 - 19:00",
"Anna Singh",anna.singh306@mycput.ac.za,200000306,"Emergency Medical Sciences","Bachelor of Emergency Medical Care","Year 3","Gugulethu MOU",2026-10-09,"18:00 - 06:00",
"Kabelo Radebe",kabelo.radebe307@mycput.ac.za,200000307,"Nursing Sciences","Bachelor of Nursing (Extended Curriculum Programme)","Year 4","Gugulethu MOU",2026-10-09,"18:00 - 06:00",
"Refilwe Louw",refilwe.louw308@mycput.ac.za,200000308,"Biomedical Sciences","Higher Certificate in Biomedical Sciences","Year 1","Gugulethu MOU",2026-10-09,"18:00 - 06:00",
"Lesego Fourie",lesego.fourie309@mycput.ac.za,200000309,"Medical Imaging & Therapeutic Sciences","Bachelor of Science in Nuclear Medicine Technology","Year 1","Kasselsvlei CDC",2026-10-09,"06:00 - 18:00",
"Zweli du Plessis",zweli.du.plessis310@mycput.ac.za,200000310,"Wellness Sciences","Health and Wellness: Non-Diploma/Degree",N/A,"Kasselsvlei CDC",2026-10-09,"06:00 - 18:00",
"Shannon de Kock",shannon.de.kock311@mycput.ac.za,200000311,"Nursing Sciences","Bachelor of Nursing","Year 3","Lotus River CPOA",2026-10-09,"06:00 - 18:00",
"Nomsa Plaatjies",nomsa.plaatjies312@mycput.ac.za,200000312,"Emergency Medical Sciences","Higher Certificate in Emergency Medical Care","Year 1","Lotus River CPOA",2026-10-09,"06:00 - 18:00",
"Naledi Kekana",naledi.kekana313@mycput.ac.za,200000313,"Nursing Sciences","Bachelor of Nursing (Extended Curriculum Programme)","Year 4","Lotus River CPOA",2026-10-09,"06:00 - 18:00",
"Elsabe Singh",elsabe.singh314@mycput.ac.za,200000314,"Emergency Medical Sciences","Higher Certificate in Emergency Medical Care","Year 1","Lotus River CPOA",2026-10-09,"06:00 - 18:00",
"Sandile Moodley",sandile.moodley315@mycput.ac.za,200000315,"Biomedical Sciences","Higher Certificate in Biomedical Sciences","Year 1","Lotus River CPOA",2026-10-09,"06:00 - 18:00",
"Joshua Ndlovu",joshua.ndlovu316@mycput.ac.za,200000316,"Ophthalmic Sciences","Bachelor of Health Sciences in Opticianry","Year 3","Louis Leipoldt Medi-Clinic",2026-10-09,"06:00 - 14:00",
"Shannon Mokoena",shannon.mokoena317@mycput.ac.za,200000317,"Emergency Medical Sciences","Diploma in Emergency Care","Year 1","Louis Leipoldt Medi-Clinic",2026-10-09,"06:00 - 14:00",
"Kimberley Pretorius",kimberley.pretorius318@mycput.ac.za,200000318,"Emergency Medical Sciences","Bachelor of Emergency Medical Care","Year 4","Macassar CHC",2026-10-09,"06:00 - 18:00",
"Onthatile Govender",onthatile.govender319@mycput.ac.za,200000319,"Nursing Sciences","Bachelor of Nursing","Year 2","Macassar CHC",2026-10-09,"06:00 - 18:00",
"Rethabile Venter",rethabile.venter320@mycput.ac.za,200000320,"Medical Imaging & Therapeutic Sciences","Bachelor of Science in Radiation Therapy","Year 1","Macassar CHC",2026-10-09,"06:00 - 18:00",
"Refilwe Louw",refilwe.louw321@mycput.ac.za,200000321,"Wellness Sciences","Advanced Diploma in Somatology","Year 4","Macassar CHC",2026-10-09,"06:00 - 18:00",
"Mpho Diedericks",mpho.diedericks322@mycput.ac.za,200000322,"Emergency Medical Sciences","Diploma in Emergency Care","Year 3","Macassar CHC",2026-10-09,"06:00 - 18:00",
"Hendrik Erasmus",hendrik.erasmus323@mycput.ac.za,200000323,"Ophthalmic Sciences","Bachelor of Health Sciences in Opticianry","Year 4","Red Cross War Memorial Children's Hospital",2026-10-09,"06:00 - 18:00",
"Kabelo Pretorius",kabelo.pretorius324@mycput.ac.za,200000324,"Emergency Medical Sciences","Diploma in Emergency Care","Year 3","Red Cross War Memorial Children's Hospital",2026-10-09,"06:00 - 18:00",
"Mikayla Hendricks",mikayla.hendricks325@mycput.ac.za,200000325,"Wellness Sciences","Advanced Diploma in Somatology","Year 4","Red Cross War Memorial Children's Hospital",2026-10-09,"06:00 - 18:00",
"Pieter Swanepoel",pieter.swanepoel326@mycput.ac.za,200000326,"Wellness Sciences","Diploma in Somatology","Year 3","Rocklands Clinic",2026-10-09,"06:00 - 14:00",
"Hendrik Buthelezi",hendrik.buthelezi327@mycput.ac.za,200000327,"Biomedical Sciences","Bachelor of Health Sciences in Medical Laboratory Science (Extended Curriculum Programme)","Year 4","Rocklands Clinic",2026-10-09,"06:00 - 14:00",
"Sinegugu Liebenberg",sinegugu.liebenberg328@mycput.ac.za,200000328,"Emergency Medical Sciences","Bachelor of Emergency Medical Care","Year 4","Rocklands Clinic",2026-10-09,"06:00 - 14:00",
"Tayla Peters",tayla.peters329@mycput.ac.za,200000329,"Medical Imaging & Therapeutic Sciences","Bachelor of Science in Diagnostic Ultrasound","Year 3","Vanguard CHC",2026-10-09,"06:00 - 18:00",
"Sandile Marais",sandile.marais330@mycput.ac.za,200000330,"Biomedical Sciences","Bachelor of Health Sciences in Medical Laboratory Science","Year 1","Vanguard CHC",2026-10-09,"06:00 - 18:00",
"Onthatile Plaatjies",onthatile.plaatjies331@mycput.ac.za,200000331,"Medical Imaging & Therapeutic Sciences","Bachelor of Science in Diagnostic Radiography","Year 1","Bishop Lavis CHC",2026-10-12,"18:00 - 06:00",
"Palesa Pillay",palesa.pillay332@mycput.ac.za,200000332,"Biomedical Sciences","Bachelor of Health Sciences in Medical Laboratory Science (Extended Curriculum Programme)","Year 0","Bishop Lavis CHC",2026-10-12,"18:00 - 06:00",
"Zanele Adams",zanele.adams333@mycput.ac.za,200000333,"Wellness Sciences","Advanced Diploma in Somatology","Year 4","Bishop Lavis CHC",2026-10-12,"18:00 - 06:00",
"Matshidiso Bezuidenhout",matshidiso.bezuidenhout334@mycput.ac.za,200000334,"Dental Sciences","Higher Certificate in Dental Assisting","Year 1","Bishop Lavis CHC",2026-10-12,"18:00 - 06:00",
"Mpumelelo Hendricks",mpumelelo.hendricks335@mycput.ac.za,200000335,"Medical Imaging & Therapeutic Sciences","Bachelor of Science in Diagnostic Radiography","Year 2","Emergency Medical Services (EMS) - Vredendal",2026-10-12,"06:00 - 18:00",
"Jade Basson",jade.basson336@mycput.ac.za,200000336,"Emergency Medical Sciences","Bachelor of Emergency Medical Care (Extended Curriculum Programme)","Year 4","Emergency Medical Services (EMS) - Vredendal",2026-10-12,"06:00 - 18:00",
"Nosipho Singh",nosipho.singh337@mycput.ac.za,200000337,"Emergency Medical Sciences","Bachelor of Emergency Medical Care (Extended Curriculum Programme)","Year 3","Emergency Medical Services (EMS) - Vredendal",2026-10-12,"06:00 - 18:00",
"Shintleless le Mahlangu",shintleless.le.mahlangu338@mycput.ac.za,200000338,"Medical Imaging & Therapeutic Sciences","Bachelor of Science in Diagnostic Ultrasound","Year 2","Emergency Medical Services (EMS) - Vredendal",2026-10-12,"06:00 - 18:00",
"Bulelwa Govender",bulelwa.govender339@mycput.ac.za,200000339,"Nursing Sciences","Bachelor of Nursing","Year 3","Emergency Medical Services (EMS) - Vredendal",2026-10-12,"06:00 - 18:00",
"Nadia de Kock",nadia.de.kock340@mycput.ac.za,200000340,"Medical Imaging & Therapeutic Sciences","Bachelor of Science in Diagnostic Radiography","Year 4","Erica Place CPOA",2026-10-12,"06:00 - 14:00",
"Busisiwe Pretorius",busisiwe.pretorius341@mycput.ac.za,200000341,"Medical Imaging & Therapeutic Sciences","Bachelor of Science in Radiation Therapy","Year 2","Erica Place CPOA",2026-10-12,"06:00 - 14:00",
"Mpho Fredericks",mpho.fredericks342@mycput.ac.za,200000342,"Nursing Sciences","Bachelor of Nursing (Extended Curriculum Programme)","Year 1","Gugulethu CHC",2026-10-12,"06:00 - 18:00",
"Bulelwa Williams",bulelwa.williams343@mycput.ac.za,200000343,"Emergency Medical Sciences","Bachelor of Emergency Medical Care (Extended Curriculum Programme)","Year 4","Gugulethu CHC",2026-10-12,"06:00 - 18:00",
"Talia Fourie",talia.fourie344@mycput.ac.za,200000344,"Ophthalmic Sciences","Bachelor of Health Sciences in Opticianry","Year 1","Gugulethu CHC",2026-10-12,"06:00 - 18:00",
"Thabo Thomas",thabo.thomas345@mycput.ac.za,200000345,"Nursing Sciences","Bachelor of Nursing (Extended Curriculum Programme)","Year 0","Gugulethu CHC",2026-10-12,"06:00 - 18:00",
"Joshua Meyer",joshua.meyer346@mycput.ac.za,200000346,"Ophthalmic Sciences","Bachelor of Health Sciences in Opticianry","Year 1","Kuyasa Clinic",2026-10-12,"19:00 - 07:00",
"Ntuthuko Roux",ntuthuko.roux347@mycput.ac.za,200000347,"Ophthalmic Sciences","Bachelor of Health Sciences in Opticianry","Year 2","Kuyasa Clinic",2026-10-12,"19:00 - 07:00",
"Ayanda Burger",ayanda.burger348@mycput.ac.za,200000348,"Nursing Sciences","Bachelor of Nursing (Extended Curriculum Programme)","Year 1","Kuyasa Clinic",2026-10-12,"19:00 - 07:00",
"Raeleng Ruth Pillay",raeleng.ruth.pillay349@mycput.ac.za,200000349,"Nursing Sciences","Bachelor of Nursing (Extended Curriculum Programme)","Year 3","Kuyasa Clinic",2026-10-12,"19:00 - 07:00",
"Nosipho Nel",nosipho.nel350@mycput.ac.za,200000350,"Emergency Medical Sciences","Bachelor of Emergency Medical Care","Year 3","Kuyasa Clinic",2026-10-12,"19:00 - 07:00",
"Mthokozisi Frank",mthokozisi.frank351@mycput.ac.za,200000351,"Medical Imaging & Therapeutic Sciences","Bachelor of Science in Diagnostic Ultrasound","Year 3","Lady Michaelis CHC",2026-10-12,"07:00 - 17:00",
"Thandi Frank",thandi.frank352@mycput.ac.za,200000352,"Medical Imaging & Therapeutic Sciences","Bachelor of Science in Diagnostic Radiography","Year 4","Lady Michaelis CHC",2026-10-12,"07:00 - 17:00",
"Tebogo Erasmus",tebogo.erasmus353@mycput.ac.za,200000353,"Dental Sciences","Higher Certificate in Dental Assisting","Year 1","Lady Michaelis CHC",2026-10-12,"07:00 - 17:00",
"Ruan Nkosi",ruan.nkosi354@mycput.ac.za,200000354,"Biomedical Sciences","Bachelor of Health Sciences in Medical Laboratory Science","Year 2","Lady Michaelis CHC",2026-10-12,"07:00 - 17:00",
"Nathan Steyn",nathan.steyn355@mycput.ac.za,200000355,"Nursing Sciences","Bachelor of Nursing (Extended Curriculum Programme)","Year 4","Landsdowne Clinic",2026-10-12,"07:00 - 17:00",
"Ntuthuko Sauls",ntuthuko.sauls356@mycput.ac.za,200000356,"Wellness Sciences","Diploma in Somatology","Year 1","Landsdowne Clinic",2026-10-12,"07:00 - 17:00",
"Rethabile Govender",rethabile.govender357@mycput.ac.za,200000357,"Medical Imaging & Therapeutic Sciences","Bachelor of Science in Nuclear Medicine Technology","Year 2","Landsdowne Clinic",2026-10-12,"07:00 - 17:00",
"Xolani Mokoena",xolani.mokoena358@mycput.ac.za,200000358,"Wellness Sciences","Health and Wellness: Non-Diploma/Degree",N/A,"Landsdowne Clinic",2026-10-12,"07:00 - 17:00",
"Nosipho Burger",nosipho.burger359@mycput.ac.za,200000359,"Ophthalmic Sciences","Bachelor of Health Sciences in Opticianry","Year 3","Langa Clinic",2026-10-12,"06:00 - 14:00",
"Caleb Cloete",caleb.cloete360@mycput.ac.za,200000360,"Medical Imaging & Therapeutic Sciences","Bachelor of Science in Diagnostic Ultrasound","Year 4","Langa Clinic",2026-10-12,"06:00 - 14:00",
"Boitumelo Moodley",boitumelo.moodley361@mycput.ac.za,200000361,"Medical Imaging & Therapeutic Sciences","Bachelor of Science in Diagnostic Ultrasound","Year 1","Metro EMS Northern Division",2026-10-12,"19:00 - 07:00",
"Kgosi Mokoena",kgosi.mokoena362@mycput.ac.za,200000362,"Ophthalmic Sciences","Bachelor of Health Sciences in Opticianry","Year 1","Metro EMS Northern Division",2026-10-12,"19:00 - 07:00",
"Sizwe Hendricks",sizwe.hendricks363@mycput.ac.za,200000363,"Medical Imaging & Therapeutic Sciences","Bachelor of Science in Nuclear Medicine Technology","Year 2","Nolungile CHC",2026-10-12,"07:00 - 17:00",
"Sanele Ndlovu",sanele.ndlovu364@mycput.ac.za,200000364,"Medical Imaging & Therapeutic Sciences","Bachelor of Science in Diagnostic Ultrasound","Year 1","Nolungile CHC",2026-10-12,"07:00 - 17:00",
"Zweli Jacobs",zweli.jacobs365@mycput.ac.za,200000365,"Nursing Sciences","Bachelor of Nursing (Extended Curriculum Programme)","Year 0","Nolungile CHC",2026-10-12,"07:00 - 17:00",
"Nomvula Jacobs",nomvula.jacobs366@mycput.ac.za,200000366,"Emergency Medical Sciences","Bachelor of Emergency Medical Care","Year 3","Nolungile CHC",2026-10-12,"07:00 - 17:00",
"Nosipho Nel",nosipho.nel367@mycput.ac.za,200000367,"Emergency Medical Sciences","Bachelor of Emergency Medical Care (Extended Curriculum Programme)","Year 3","Nolungile CHC",2026-10-12,"07:00 - 17:00",
"Maria Radebe",maria.radebe368@mycput.ac.za,200000368,"Nursing Sciences","Bachelor of Nursing","Year 2","Parow CDC",2026-10-12,"06:00 - 18:00",
"Susan Barnard",susan.barnard369@mycput.ac.za,200000369,"Wellness Sciences","Health and Wellness: Non-Diploma/Degree",N/A,"Parow CDC",2026-10-12,"06:00 - 18:00",
"Dawie Jansen",dawie.jansen370@mycput.ac.za,200000370,"Dental Sciences","Higher Certificate in Dental Assisting","Year 1","Parow CDC",2026-10-12,"06:00 - 18:00",
"Sizwe Booyse",sizwe.booyse371@mycput.ac.za,200000371,"Nursing Sciences","Bachelor of Nursing (Extended Curriculum Programme)","Year 1","Parow CDC",2026-10-12,"06:00 - 18:00",
"Sipho Visser",sipho.visser372@mycput.ac.za,200000372,"Nursing Sciences","Bachelor of Nursing (Extended Curriculum Programme)","Year 1","Parow CDC",2026-10-12,"06:00 - 18:00",
"Mikayla Peters",mikayla.peters373@mycput.ac.za,200000373,"Nursing Sciences","Bachelor of Nursing","Year 4","Red Cross Air Mercy Service (AMS)",2026-10-12,"07:00 - 19:00",
"Mpumelelo Marais",mpumelelo.marais374@mycput.ac.za,200000374,"Emergency Medical Sciences","Diploma in Emergency Care","Year 1","Red Cross Air Mercy Service (AMS)",2026-10-12,"07:00 - 19:00",
"Sibusiso Khumalo",sibusiso.khumalo375@mycput.ac.za,200000375,"Nursing Sciences","Bachelor of Nursing","Year 2","Red Cross War Memorial Children's Hospital",2026-10-12,"06:00 - 18:00",
"Mbalentle Nel",mbalentle.nel376@mycput.ac.za,200000376,"Biomedical Sciences","Higher Certificate in Biomedical Sciences","Year 1","Red Cross War Memorial Children's Hospital",2026-10-12,"06:00 - 18:00",
"Caleb Fredericks",caleb.fredericks377@mycput.ac.za,200000377,"Medical Imaging & Therapeutic Sciences","Bachelor of Science in Diagnostic Radiography","Year 4","Rocklands Clinic",2026-10-12,"07:00 - 17:00",
"Shannon Booyse",shannon.booyse378@mycput.ac.za,200000378,"Nursing Sciences","Bachelor of Nursing","Year 1","Rocklands Clinic",2026-10-12,"07:00 - 17:00",
"Nomvula Kotze",nomvula.kotze379@mycput.ac.za,200000379,"Nursing Sciences","Bachelor of Nursing (Extended Curriculum Programme)","Year 1","Rocklands Clinic",2026-10-12,"07:00 - 17:00",
"Maria Thomas",maria.thomas380@mycput.ac.za,200000380,"Biomedical Sciences","Bachelor of Health Sciences in Medical Laboratory Science","Year 2","Rocklands Clinic",2026-10-12,"07:00 - 17:00",
"Mpumelelo Radebe",mpumelelo.radebe381@mycput.ac.za,200000381,"Biomedical Sciences","Bachelor of Health Sciences in Medical Laboratory Science (Articulation)","Year 3","St Vincent CHC",2026-10-12,"06:00 - 18:00",
"Karabo Mostert",karabo.mostert382@mycput.ac.za,200000382,"Wellness Sciences","Health and Wellness: Non-Diploma/Degree",N/A,"St Vincent CHC",2026-10-12,"06:00 - 18:00",
"Thandi Visser",thandi.visser383@mycput.ac.za,200000383,"Emergency Medical Sciences","Bachelor of Emergency Medical Care","Year 3","St Vincent CHC",2026-10-12,"06:00 - 18:00",
"Charl Mthembu",charl.mthembu384@mycput.ac.za,200000384,"Nursing Sciences","Bachelor of Nursing (Extended Curriculum Programme)","Year 0","St Vincent CHC",2026-10-12,"06:00 - 18:00",
"Annelie Swanepoel",annelie.swanepoel385@mycput.ac.za,200000385,"Biomedical Sciences","Higher Certificate in Biomedical Sciences","Year 1","Bishop Lavis CHC",2026-10-13,"06:00 - 18:00",
"Busisiwe Olivier",busisiwe.olivier386@mycput.ac.za,200000386,"Nursing Sciences","Bachelor of Nursing (Extended Curriculum Programme)","Year 1","Bishop Lavis CHC",2026-10-13,"06:00 - 18:00",
"Ayanda Khumalo",ayanda.khumalo387@mycput.ac.za,200000387,"Nursing Sciences","Bachelor of Nursing (Extended Curriculum Programme)","Year 0","Bishop Lavis CHC",2026-10-13,"06:00 - 18:00",
"Chanel Erasmus",chanel.erasmus388@mycput.ac.za,200000388,"Nursing Sciences","Bachelor of Nursing","Year 3","Bishop Lavis CHC",2026-10-13,"06:00 - 18:00",
"Nosipho Arendse",nosipho.arendse389@mycput.ac.za,200000389,"Medical Imaging & Therapeutic Sciences","Bachelor of Science in Nuclear Medicine Technology","Year 3","Hanover Park CHC",2026-10-13,"06:00 - 14:00",
"Ruan Mokoena",ruan.mokoena390@mycput.ac.za,200000390,"Biomedical Sciences","Bachelor of Health Sciences in Medical Laboratory Science (Articulation)","Year 3","Hanover Park CHC",2026-10-13,"06:00 - 14:00",
"Daniel Sithole",daniel.sithole391@mycput.ac.za,200000391,"Nursing Sciences","Bachelor of Nursing","Year 1","Hanover Park CHC",2026-10-13,"06:00 - 14:00",
"Pieter Khumalo",pieter.khumalo392@mycput.ac.za,200000392,"Biomedical Sciences","Higher Certificate in Biomedical Sciences","Year 1","Heideveld Clinic",2026-10-13,"06:00 - 14:00",
"Ayanda Ngcobo",ayanda.ngcobo393@mycput.ac.za,200000393,"Nursing Sciences","Bachelor of Nursing","Year 1","Heideveld Clinic",2026-10-13,"06:00 - 14:00",
"Matshidiso Zulu",matshidiso.zulu394@mycput.ac.za,200000394,"Emergency Medical Sciences","Bachelor of Emergency Medical Care (Extended Curriculum Programme)","Year 0","Heideveld Clinic",2026-10-13,"06:00 - 14:00",
"Lwazi Basson",lwazi.basson395@mycput.ac.za,200000395,"Wellness Sciences","Diploma in Somatology","Year 3","Heideveld Clinic",2026-10-13,"06:00 - 14:00",
"Charl Olivier",charl.olivier396@mycput.ac.za,200000396,"Ophthalmic Sciences","Bachelor of Health Sciences in Opticianry","Year 4","Heideveld Clinic",2026-10-13,"06:00 - 14:00",
"Ntuthuko Scheepers",ntuthuko.scheepers397@mycput.ac.za,200000397,"Biomedical Sciences","Bachelor of Health Sciences in Medical Laboratory Science (Articulation)","Year 2","Hout Bay Volunteer EMS",2026-10-13,"18:00 - 06:00",
"Nosipho Buthelezi",nosipho.buthelezi398@mycput.ac.za,200000398,"Emergency Medical Sciences","Bachelor of Emergency Medical Care","Year 3","Hout Bay Volunteer EMS",2026-10-13,"18:00 - 06:00",
"Ntombi Swartz",ntombi.swartz399@mycput.ac.za,200000399,"Nursing Sciences","Bachelor of Nursing","Year 3","Hout Bay Volunteer EMS",2026-10-13,"18:00 - 06:00",
"Johannes van der Merwe",johannes.van.der.merwe400@mycput.ac.za,200000400,"Emergency Medical Sciences","Diploma in Emergency Care","Year 1","Kraaifontein Community Health Centre",2026-10-13,"07:00 - 19:00",
"Willem Peters",willem.peters401@mycput.ac.za,200000401,"Emergency Medical Sciences","Diploma in Emergency Care","Year 3","Kraaifontein Community Health Centre",2026-10-13,"07:00 - 19:00",
"Dylan Liebenberg",dylan.liebenberg402@mycput.ac.za,200000402,"Nursing Sciences","Bachelor of Nursing (Extended Curriculum Programme)","Year 1","Lady Michaelis CHC",2026-10-13,"19:00 - 07:00",
"Philani Kotze",philani.kotze403@mycput.ac.za,200000403,"Emergency Medical Sciences","Bachelor of Emergency Medical Care (Extended Curriculum Programme)","Year 2","Lady Michaelis CHC",2026-10-13,"19:00 - 07:00",
"Aiden Botha",aiden.botha404@mycput.ac.za,200000404,"Emergency Medical Sciences","Higher Certificate in Emergency Medical Care","Year 1","Lady Michaelis CHC",2026-10-13,"19:00 - 07:00",
"Jordan Kekana",jordan.kekana405@mycput.ac.za,200000405,"Wellness Sciences","Diploma in Somatology","Year 3","Lady Michaelis CHC",2026-10-13,"19:00 - 07:00",
"Zanele Botha",zanele.botha406@mycput.ac.za,200000406,"Medical Imaging & Therapeutic Sciences","Bachelor of Science in Radiation Therapy","Year 2","Lotus River CHC",2026-10-13,"06:00 - 18:00",
"Matshidiso Kotze",matshidiso.kotze407@mycput.ac.za,200000407,"Biomedical Sciences","Bachelor of Health Sciences in Medical Laboratory Science (Extended Curriculum Programme)","Year 0","Lotus River CHC",2026-10-13,"06:00 - 18:00",
"Lindiwe Frank",lindiwe.frank408@mycput.ac.za,200000408,"Biomedical Sciences","Bachelor of Health Sciences in Medical Laboratory Science","Year 2","Lotus River CHC",2026-10-13,"06:00 - 18:00",
"Ayanda Mokoena",ayanda.mokoena409@mycput.ac.za,200000409,"Biomedical Sciences","Bachelor of Health Sciences in Medical Laboratory Science (Articulation)","Year 2","Lotus River CHC",2026-10-13,"06:00 - 18:00",
"Boitumelo Adams",boitumelo.adams410@mycput.ac.za,200000410,"Medical Imaging & Therapeutic Sciences","Bachelor of Science in Diagnostic Radiography","Year 1","Lotus River CHC",2026-10-13,"06:00 - 18:00",
"Mpho Molefe",mpho.molefe411@mycput.ac.za,200000411,"Emergency Medical Sciences","Diploma in Emergency Care","Year 3","Metro Ambulance Services",2026-10-13,"06:00 - 14:00",
"Chanel Botha",chanel.botha412@mycput.ac.za,200000412,"Biomedical Sciences","Bachelor of Health Sciences in Medical Laboratory Science (Extended Curriculum Programme)","Year 0","Metro Ambulance Services",2026-10-13,"06:00 - 14:00",
"Amahle Jansen",amahle.jansen413@mycput.ac.za,200000413,"Emergency Medical Sciences","Diploma in Emergency Care","Year 1","Metro Ambulance Services",2026-10-13,"06:00 - 14:00",
"Mpumelelo Abrahams",mpumelelo.abrahams414@mycput.ac.za,200000414,"Wellness Sciences","Diploma in Somatology","Year 3","Metro Ambulance Services",2026-10-13,"06:00 - 14:00",
"Thabo Jacobs",thabo.jacobs415@mycput.ac.za,200000415,"Biomedical Sciences","Bachelor of Health Sciences in Medical Laboratory Science (Articulation)","Year 4","Nyanga CHC",2026-10-13,"06:00 - 14:00",
"Nomsa de Kock",nomsa.de.kock416@mycput.ac.za,200000416,"Biomedical Sciences","Higher Certificate in Biomedical Sciences","Year 1","Nyanga CHC",2026-10-13,"06:00 - 14:00",
"Karabo Swartz",karabo.swartz417@mycput.ac.za,200000417,"Medical Imaging & Therapeutic Sciences","Bachelor of Science in Radiation Therapy","Year 2","Nyanga CHC",2026-10-13,"06:00 - 14:00",
"Lerato Khumalo",lerato.khumalo418@mycput.ac.za,200000418,"Emergency Medical Sciences","Diploma in Emergency Care","Year 2","Nyanga CHC",2026-10-13,"06:00 - 14:00",
"Bulelwa Mahlangu",bulelwa.mahlangu419@mycput.ac.za,200000419,"Medical Imaging & Therapeutic Sciences","Bachelor of Science in Diagnostic Radiography","Year 4","Nyanga CHC",2026-10-13,"06:00 - 14:00",
"Thabang Kekana",thabang.kekana420@mycput.ac.za,200000420,"Wellness Sciences","Health and Wellness: Non-Diploma/Degree",N/A,"Parow CHC",2026-10-13,"06:00 - 18:00",
"Bradley Dlamini",bradley.dlamini421@mycput.ac.za,200000421,"Nursing Sciences","Bachelor of Nursing","Year 3","Parow CHC",2026-10-13,"06:00 - 18:00",
"Francois Marais",francois.marais422@mycput.ac.za,200000422,"Emergency Medical Sciences","Bachelor of Emergency Medical Care","Year 1","Retreat CHC",2026-10-13,"07:00 - 17:00",
"Lesego Filander",lesego.filander423@mycput.ac.za,200000423,"Nursing Sciences","Bachelor of Nursing (Extended Curriculum Programme)","Year 0","Retreat CHC",2026-10-13,"07:00 - 17:00",
"Ntuthuko van der Merwe",ntuthuko.van.der.merwe424@mycput.ac.za,200000424,"Wellness Sciences","Diploma in Somatology","Year 1","Retreat CHC",2026-10-13,"07:00 - 17:00",
"Lindiwe Singh",lindiwe.singh425@mycput.ac.za,200000425,"Nursing Sciences","Bachelor of Nursing","Year 4","Retreat MOU",2026-10-13,"18:00 - 06:00",
"Nadia Zulu",nadia.zulu426@mycput.ac.za,200000426,"Ophthalmic Sciences","Bachelor of Health Sciences in Opticianry","Year 1","Retreat MOU",2026-10-13,"18:00 - 06:00",
"Mpumelelo Mahlangu",mpumelelo.mahlangu427@mycput.ac.za,200000427,"Nursing Sciences","Bachelor of Nursing","Year 1","Retreat MOU",2026-10-13,"18:00 - 06:00",
"Chanel Fester",chanel.fester428@mycput.ac.za,200000428,"Medical Imaging & Therapeutic Sciences","Bachelor of Science in Diagnostic Radiography","Year 2","Retreat MOU",2026-10-13,"18:00 - 06:00",
"Karabo Basson",karabo.basson429@mycput.ac.za,200000429,"Medical Imaging & Therapeutic Sciences","Bachelor of Science in Nuclear Medicine Technology","Year 4","Rocklands Clinic",2026-10-13,"06:00 - 14:00",
"Themba Khumalo",themba.khumalo430@mycput.ac.za,200000430,"Biomedical Sciences","Bachelor of Health Sciences in Medical Laboratory Science","Year 4","Rocklands Clinic",2026-10-13,"06:00 - 14:00",
"Lesego Abrahams",lesego.abrahams431@mycput.ac.za,200000431,"Emergency Medical Sciences","Diploma in Emergency Care","Year 2","Rocklands Clinic",2026-10-13,"06:00 - 14:00",
"Francois Dlamini",francois.dlamini432@mycput.ac.za,200000432,"Emergency Medical Sciences","Bachelor of Emergency Medical Care (Extended Curriculum Programme)","Year 1","Rocklands Clinic",2026-10-13,"06:00 - 14:00",
"Mpho Plaatjies",mpho.plaatjies433@mycput.ac.za,200000433,"Emergency Medical Sciences","Diploma in Emergency Care","Year 3","Rocklands Clinic",2026-10-13,"06:00 - 14:00",
"Joshua Klaasen",joshua.klaasen434@mycput.ac.za,200000434,"Biomedical Sciences","Bachelor of Health Sciences in Medical Laboratory Science","Year 3","Elsies River Clinic",2026-10-14,"06:00 - 14:00",
"Ntuthuko Meyer",ntuthuko.meyer435@mycput.ac.za,200000435,"Emergency Medical Sciences","Bachelor of Emergency Medical Care (Extended Curriculum Programme)","Year 4","Elsies River Clinic",2026-10-14,"06:00 - 14:00",
"Bulelwa Peters",bulelwa.peters436@mycput.ac.za,200000436,"Emergency Medical Sciences","Diploma in Emergency Care","Year 3","Erica Place CPOA",2026-10-14,"07:00 - 17:00",
"Sinegugu Buthelezi",sinegugu.buthelezi437@mycput.ac.za,200000437,"Nursing Sciences","Bachelor of Nursing (Extended Curriculum Programme)","Year 1","Erica Place CPOA",2026-10-14,"07:00 - 17:00",
"Nicolette Swartz",nicolette.swartz438@mycput.ac.za,200000438,"Wellness Sciences","Advanced Diploma in Somatology","Year 4","Erica Place CPOA",2026-10-14,"07:00 - 17:00",
"Susan Burger",susan.burger439@mycput.ac.za,200000439,"Medical Imaging & Therapeutic Sciences","Bachelor of Science in Diagnostic Radiography","Year 3","Erica Place CPOA",2026-10-14,"07:00 - 17:00",
"Emily Liebenberg",emily.liebenberg440@mycput.ac.za,200000440,"Nursing Sciences","Bachelor of Nursing","Year 3","Gugulethu MOU",2026-10-14,"07:00 - 17:00",
"Elsabe Cloete",elsabe.cloete441@mycput.ac.za,200000441,"Emergency Medical Sciences","Diploma in Emergency Care","Year 2","Gugulethu MOU",2026-10-14,"07:00 - 17:00",
"Lwazi Erasmus",lwazi.erasmus442@mycput.ac.za,200000442,"Biomedical Sciences","Bachelor of Health Sciences in Medical Laboratory Science","Year 1","Gugulethu MOU",2026-10-14,"07:00 - 17:00",
"Jade de Kock",jade.de.kock443@mycput.ac.za,200000443,"Emergency Medical Sciences","Bachelor of Emergency Medical Care (Extended Curriculum Programme)","Year 2","Khayelitsha District Hospital",2026-10-14,"06:00 - 14:00",
"Kyle Cloete",kyle.cloete444@mycput.ac.za,200000444,"Emergency Medical Sciences","Diploma in Emergency Care","Year 2","Khayelitsha District Hospital",2026-10-14,"06:00 - 14:00",
"Lindiwe Nkosi",lindiwe.nkosi445@mycput.ac.za,200000445,"Dental Sciences","Higher Certificate in Dental Assisting","Year 1","Khayelitsha District Hospital",2026-10-14,"06:00 - 14:00",
"Lesego Adams",lesego.adams446@mycput.ac.za,200000446,"Nursing Sciences","Bachelor of Nursing","Year 4","Khayelitsha District Hospital",2026-10-14,"06:00 - 14:00",
"Lerato Fredericks",lerato.fredericks447@mycput.ac.za,200000447,"Nursing Sciences","Bachelor of Nursing (Extended Curriculum Programme)","Year 3","Khayelitsha District Hospital",2026-10-14,"06:00 - 14:00",
"Thabo Meyer",thabo.meyer448@mycput.ac.za,200000448,"Wellness Sciences","Diploma in Somatology","Year 2","Kuyasa Clinic",2026-10-14,"06:00 - 14:00",
"Francois Roux",francois.roux449@mycput.ac.za,200000449,"Emergency Medical Sciences","Bachelor of Emergency Medical Care (Extended Curriculum Programme)","Year 3","Kuyasa Clinic",2026-10-14,"06:00 - 14:00",
"Ntombi Moodley",ntombi.moodley450@mycput.ac.za,200000450,"Ophthalmic Sciences","Bachelor of Health Sciences in Opticianry","Year 1","Kuyasa Clinic",2026-10-14,"06:00 - 14:00",
"Sizwe Booyse",sizwe.booyse451@mycput.ac.za,200000451,"Biomedical Sciences","Higher Certificate in Biomedical Sciences","Year 1","Kuyasa Clinic",2026-10-14,"06:00 - 14:00",
"Ayanda Basson",ayanda.basson452@mycput.ac.za,200000452,"Nursing Sciences","Bachelor of Nursing","Year 3","Kuyasa Clinic",2026-10-14,"06:00 - 14:00",
"Ntuthuko Radebe",ntuthuko.radebe453@mycput.ac.za,200000453,"Dental Sciences","Higher Certificate in Dental Assisting","Year 1","Lentegeur Clinic",2026-10-14,"07:00 - 17:00",
"Tebogo Khumalo",tebogo.khumalo454@mycput.ac.za,200000454,"Medical Imaging & Therapeutic Sciences","Bachelor of Science in Nuclear Medicine Technology","Year 2","Lentegeur Clinic",2026-10-14,"07:00 - 17:00",
"Nosipho Jansen",nosipho.jansen455@mycput.ac.za,200000455,"Emergency Medical Sciences","Bachelor of Emergency Medical Care (Extended Curriculum Programme)","Year 3","Lentegeur Psychiatric Hospital",2026-10-14,"06:00 - 14:00",
"Onthatile Swanepoel",onthatile.swanepoel456@mycput.ac.za,200000456,"Emergency Medical Sciences","Bachelor of Emergency Medical Care","Year 2","Lentegeur Psychiatric Hospital",2026-10-14,"06:00 - 14:00",
"Nomsa Peters",nomsa.peters457@mycput.ac.za,200000457,"Nursing Sciences","Bachelor of Nursing (Extended Curriculum Programme)","Year 3","Lentegeur Psychiatric Hospital",2026-10-14,"06:00 - 14:00",
"Mpumelelo Maphumulo",mpumelelo.maphumulo458@mycput.ac.za,200000458,"Emergency Medical Sciences","Bachelor of Emergency Medical Care","Year 1","Lentegeur Psychiatric Hospital",2026-10-14,"06:00 - 14:00",
"Zanele Marais",zanele.marais459@mycput.ac.za,200000459,"Nursing Sciences","Bachelor of Nursing","Year 1","Louis Leipoldt Medi-Clinic",2026-10-14,"07:00 - 19:00",
"Lerato Venter",lerato.venter460@mycput.ac.za,200000460,"Biomedical Sciences","Bachelor of Health Sciences in Medical Laboratory Science","Year 4","Louis Leipoldt Medi-Clinic",2026-10-14,"07:00 - 19:00",
"Lindiwe Mostert",lindiwe.mostert461@mycput.ac.za,200000461,"Nursing Sciences","Bachelor of Nursing (Extended Curriculum Programme)","Year 1","Louis Leipoldt Medi-Clinic",2026-10-14,"07:00 - 19:00",
"Willem Moodley",willem.moodley462@mycput.ac.za,200000462,"Biomedical Sciences","Bachelor of Health Sciences in Medical Laboratory Science","Year 2","Metro Emergency Medical Service - Western Division",2026-10-14,"06:00 - 14:00",
"Joshua Plaatjies",joshua.plaatjies463@mycput.ac.za,200000463,"Nursing Sciences","Bachelor of Nursing","Year 1","Metro Emergency Medical Service - Western Division",2026-10-14,"06:00 - 14:00",
"Keabetswe Maphumulo",keabetswe.maphumulo464@mycput.ac.za,200000464,"Emergency Medical Sciences","Diploma in Emergency Care","Year 3","Metro Emergency Medical Service - Western Division",2026-10-14,"06:00 - 14:00",
"Ntombi Scheepers",ntombi.scheepers465@mycput.ac.za,200000465,"Nursing Sciences","Bachelor of Nursing","Year 1","Metro Emergency Medical Service - Western Division",2026-10-14,"06:00 - 14:00",
"Thabang Sauls",thabang.sauls466@mycput.ac.za,200000466,"Wellness Sciences","Diploma in Somatology","Year 1","Mitchell's Plain District Hospital",2026-10-14,"06:00 - 14:00",
"Lerato Cloete",lerato.cloete467@mycput.ac.za,200000467,"Nursing Sciences","Bachelor of Nursing (Extended Curriculum Programme)","Year 0","Mitchell's Plain District Hospital",2026-10-14,"06:00 - 14:00",
"Kimberley Molefe",kimberley.molefe468@mycput.ac.za,200000468,"Biomedical Sciences","Bachelor of Health Sciences in Medical Laboratory Science","Year 3","Mitchell's Plain District Hospital",2026-10-14,"06:00 - 14:00",
"Caleb Cloete",caleb.cloete469@mycput.ac.za,200000469,"Nursing Sciences","Bachelor of Nursing","Year 1","Ravensmead CHC",2026-10-14,"18:00 - 06:00",
"Keabetswe Frank",keabetswe.frank470@mycput.ac.za,200000470,"Emergency Medical Sciences","Diploma in Emergency Care","Year 2","Ravensmead CHC",2026-10-14,"18:00 - 06:00",
"Jacobus Smith",jacobus.smith471@mycput.ac.za,200000471,"Medical Imaging & Therapeutic Sciences","Bachelor of Science in Nuclear Medicine Technology","Year 3","Ravensmead CHC",2026-10-14,"18:00 - 06:00",
"Bulelwa van Wyk",bulelwa.van.wyk472@mycput.ac.za,200000472,"Biomedical Sciences","Higher Certificate in Biomedical Sciences","Year 1","Ravensmead CHC",2026-10-14,"18:00 - 06:00",
"Mthokozisi Pillay",mthokozisi.pillay473@mycput.ac.za,200000473,"Nursing Sciences","Bachelor of Nursing","Year 3","Vanguard CHC",2026-10-14,"19:00 - 07:00",
"Nomfundo Scheepers",nomfundo.scheepers474@mycput.ac.za,200000474,"Dental Sciences","Higher Certificate in Dental Assisting","Year 1","Vanguard CHC",2026-10-14,"19:00 - 07:00",
"Zweli Cloete",zweli.cloete475@mycput.ac.za,200000475,"Emergency Medical Sciences","Diploma in Emergency Care","Year 1","Delft Community Health Centre",2026-10-15,"07:00 - 19:00",
"Aiden Dentlinger",aiden.dentlinger476@mycput.ac.za,200000476,"Emergency Medical Sciences","Diploma in Emergency Care","Year 1","Delft Community Health Centre",2026-10-15,"07:00 - 19:00",
"Onthatile Sithole",onthatile.sithole477@mycput.ac.za,200000477,"Nursing Sciences","Bachelor of Nursing","Year 4","Delft Community Health Centre",2026-10-15,"07:00 - 19:00",
"Petrus Naidoo",petrus.naidoo478@mycput.ac.za,200000478,"Wellness Sciences","Health and Wellness: Non-Diploma/Degree",N/A,"Delft Community Health Centre",2026-10-15,"07:00 - 19:00",
"Chloe Sibiya",chloe.sibiya479@mycput.ac.za,200000479,"Emergency Medical Sciences","Diploma in Emergency Care","Year 3","Elsies River Clinic",2026-10-15,"07:00 - 19:00",
"Kimberley Klaasen",kimberley.klaasen480@mycput.ac.za,200000480,"Nursing Sciences","Bachelor of Nursing","Year 3","Elsies River Clinic",2026-10-15,"07:00 - 19:00",
"Thandi du Plessis",thandi.du.plessis481@mycput.ac.za,200000481,"Dental Sciences","Higher Certificate in Dental Assisting","Year 1","Elsies River Clinic",2026-10-15,"07:00 - 19:00",
"Sandile Sibiya",sandile.sibiya482@mycput.ac.za,200000482,"Biomedical Sciences","Bachelor of Health Sciences in Medical Laboratory Science (Articulation)","Year 2","Helderberg Hospital",2026-10-15,"07:00 - 17:00",
"Mpumelelo van der Merwe",mpumelelo.van.der.merwe483@mycput.ac.za,200000483,"Emergency Medical Sciences","Higher Certificate in Emergency Medical Care","Year 1","Helderberg Hospital",2026-10-15,"07:00 - 17:00",
"Nomvula Mathebula",nomvula.mathebula484@mycput.ac.za,200000484,"Medical Imaging & Therapeutic Sciences","Bachelor of Science in Diagnostic Radiography","Year 3","Helderberg Hospital",2026-10-15,"07:00 - 17:00",
"Charl Abrahams",charl.abrahams485@mycput.ac.za,200000485,"Wellness Sciences","Diploma in Somatology","Year 2","Helderberg Hospital",2026-10-15,"07:00 - 17:00",
"Nosipho Khumalo",nosipho.khumalo486@mycput.ac.za,200000486,"Emergency Medical Sciences","Bachelor of Emergency Medical Care","Year 4","Helderberg Hospital",2026-10-15,"07:00 - 17:00",
"Susan Plaatjies",susan.plaatjies487@mycput.ac.za,200000487,"Medical Imaging & Therapeutic Sciences","Bachelor of Science in Diagnostic Radiography","Year 2","Kuyasa Clinic",2026-10-15,"07:00 - 19:00",
"Susan Booyse",susan.booyse488@mycput.ac.za,200000488,"Ophthalmic Sciences","Bachelor of Health Sciences in Opticianry","Year 4","Kuyasa Clinic",2026-10-15,"07:00 - 19:00",
"Maria Nel",maria.nel489@mycput.ac.za,200000489,"Biomedical Sciences","Bachelor of Health Sciences in Medical Laboratory Science","Year 3","Kuyasa Clinic",2026-10-15,"07:00 - 19:00",
"Mthokozisi Singh",mthokozisi.singh490@mycput.ac.za,200000490,"Emergency Medical Sciences","Bachelor of Emergency Medical Care","Year 3","Kuyasa Clinic",2026-10-15,"07:00 - 19:00",
"Joshua Pretorius",joshua.pretorius491@mycput.ac.za,200000491,"Nursing Sciences","Bachelor of Nursing","Year 1","Kuyasa Clinic",2026-10-15,"07:00 - 19:00",
"Zweli Bezuidenhout",zweli.bezuidenhout492@mycput.ac.za,200000492,"Nursing Sciences","Bachelor of Nursing","Year 1","Landsdowne Clinic",2026-10-15,"06:00 - 14:00",
"Maria Marais",maria.marais493@mycput.ac.za,200000493,"Biomedical Sciences","Higher Certificate in Biomedical Sciences","Year 1","Landsdowne Clinic",2026-10-15,"06:00 - 14:00",
"Jacobus Pretorius",jacobus.pretorius494@mycput.ac.za,200000494,"Emergency Medical Sciences","Higher Certificate in Emergency Medical Care","Year 1","Lentegeur Clinic",2026-10-15,"06:00 - 18:00",
"Chloe Bezuidenhout",chloe.bezuidenhout495@mycput.ac.za,200000495,"Emergency Medical Sciences","Diploma in Emergency Care","Year 3","Lentegeur Clinic",2026-10-15,"06:00 - 18:00",
"Elsabe Plaatjies",elsabe.plaatjies496@mycput.ac.za,200000496,"Nursing Sciences","Bachelor of Nursing (Extended Curriculum Programme)","Year 4","Lentegeur Clinic",2026-10-15,"06:00 - 18:00",
"Philani Diedericks",philani.diedericks497@mycput.ac.za,200000497,"Dental Sciences","Higher Certificate in Dental Assisting","Year 1","Lentegeur Clinic",2026-10-15,"06:00 - 18:00",
"Raeleng Ruth Buthelezi",raeleng.ruth.buthelezi498@mycput.ac.za,200000498,"Emergency Medical Sciences","Bachelor of Emergency Medical Care (Extended Curriculum Programme)","Year 1","Lentegeur Clinic",2026-10-15,"06:00 - 18:00",
"Marietjie Petersen",marietjie.petersen499@mycput.ac.za,200000499,"Medical Imaging & Therapeutic Sciences","Bachelor of Science in Diagnostic Ultrasound","Year 1","Lotus River CPOA",2026-10-15,"07:00 - 19:00",
"Amahle Hendricks",amahle.hendricks500@mycput.ac.za,200000500,"Medical Imaging & Therapeutic Sciences","Bachelor of Science in Radiation Therapy","Year 4","Lotus River CPOA",2026-10-15,"07:00 - 19:00",
"Andile Swartz",andile.swartz501@mycput.ac.za,200000501,"Nursing Sciences","Bachelor of Nursing (Extended Curriculum Programme)","Year 3","Nyanga CHC",2026-10-15,"18:00 - 06:00",
"Nathan Barnard",nathan.barnard502@mycput.ac.za,200000502,"Dental Sciences","Higher Certificate in Dental Assisting","Year 1","Nyanga CHC",2026-10-15,"18:00 - 06:00",
"Ayanda Singh",ayanda.singh503@mycput.ac.za,200000503,"Nursing Sciences","Bachelor of Nursing (Extended Curriculum Programme)","Year 0","Nyanga CHC",2026-10-15,"18:00 - 06:00",
"Ruan Nkosi",ruan.nkosi504@mycput.ac.za,200000504,"Biomedical Sciences","Bachelor of Health Sciences in Medical Laboratory Science","Year 4","Nyanga CHC",2026-10-15,"18:00 - 06:00",
"Caleb Jansen",caleb.jansen505@mycput.ac.za,200000505,"Nursing Sciences","Bachelor of Nursing","Year 3","Parow CDC",2026-10-15,"06:00 - 18:00",
"Onthatile Maphumulo",onthatile.maphumulo506@mycput.ac.za,200000506,"Ophthalmic Sciences","Bachelor of Health Sciences in Opticianry","Year 4","Parow CDC",2026-10-15,"06:00 - 18:00",
"Lungile Nkosi",lungile.nkosi507@mycput.ac.za,200000507,"Wellness Sciences","Health and Wellness: Non-Diploma/Degree",N/A,"Pinelands Place",2026-10-15,"18:00 - 06:00",
"Nomvula Kotze",nomvula.kotze508@mycput.ac.za,200000508,"Biomedical Sciences","Bachelor of Health Sciences in Medical Laboratory Science (Extended Curriculum Programme)","Year 0","Pinelands Place",2026-10-15,"18:00 - 06:00",
"Palesa Zulu",palesa.zulu509@mycput.ac.za,200000509,"Emergency Medical Sciences","Bachelor of Emergency Medical Care","Year 3","Ravensmead CHC",2026-10-15,"06:00 - 18:00",
"Francois Diedericks",francois.diedericks510@mycput.ac.za,200000510,"Biomedical Sciences","Bachelor of Health Sciences in Medical Laboratory Science (Extended Curriculum Programme)","Year 2","Ravensmead CHC",2026-10-15,"06:00 - 18:00",
"Dylan van der Merwe",dylan.van.der.merwe511@mycput.ac.za,200000511,"Emergency Medical Sciences","Bachelor of Emergency Medical Care","Year 4","Ravensmead CHC",2026-10-15,"06:00 - 18:00",
"Zweli Fredericks",zweli.fredericks512@mycput.ac.za,200000512,"Emergency Medical Sciences","Bachelor of Emergency Medical Care (Extended Curriculum Programme)","Year 0","Ravensmead CHC",2026-10-15,"06:00 - 18:00",
"Matshidiso Joseph",matshidiso.joseph513@mycput.ac.za,200000513,"Emergency Medical Sciences","Diploma in Emergency Care","Year 3","Ravensmead CHC",2026-10-15,"06:00 - 18:00",
"Boitumelo Thomas",boitumelo.thomas514@mycput.ac.za,200000514,"Emergency Medical Sciences","Bachelor of Emergency Medical Care (Extended Curriculum Programme)","Year 1","Reed Street CDC",2026-10-15,"07:00 - 17:00",
"Annelie Frank",annelie.frank515@mycput.ac.za,200000515,"Nursing Sciences","Bachelor of Nursing","Year 3","Reed Street CDC",2026-10-15,"07:00 - 17:00",
"Andile Molefe",andile.molefe516@mycput.ac.za,200000516,"Medical Imaging & Therapeutic Sciences","Bachelor of Science in Diagnostic Ultrasound","Year 4","Reed Street CDC",2026-10-15,"07:00 - 17:00",
"Elsabe van Wyk",elsabe.van.wyk517@mycput.ac.za,200000517,"Nursing Sciences","Bachelor of Nursing (Extended Curriculum Programme)","Year 1","Reed Street CDC",2026-10-15,"07:00 - 17:00",
"Sandile Sithole",sandile.sithole518@mycput.ac.za,200000518,"Nursing Sciences","Bachelor of Nursing","Year 1","Sea Point CPOA",2026-10-15,"06:00 - 14:00",
"Ruan Magerman",ruan.magerman519@mycput.ac.za,200000519,"Nursing Sciences","Bachelor of Nursing (Extended Curriculum Programme)","Year 3","Sea Point CPOA",2026-10-15,"06:00 - 14:00",
"Shannon Fredericks",shannon.fredericks520@mycput.ac.za,200000520,"Emergency Medical Sciences","Bachelor of Emergency Medical Care (Extended Curriculum Programme)","Year 2","Sea Point CPOA",2026-10-15,"06:00 - 14:00",
"Chanel Diedericks",chanel.diedericks521@mycput.ac.za,200000521,"Emergency Medical Sciences","Diploma in Emergency Care","Year 3","Sea Point CPOA",2026-10-15,"06:00 - 14:00",
"Zikhona Grobler",zikhona.grobler522@mycput.ac.za,200000522,"Wellness Sciences","Health and Wellness: Non-Diploma/Degree",N/A,"Sea Point CPOA",2026-10-15,"06:00 - 14:00",
"Raeleng Ruth Jonkers",raeleng.ruth.jonkers523@mycput.ac.za,200000523,"Nursing Sciences","Bachelor of Nursing","Year 3","Strand CHC",2026-10-15,"07:00 - 17:00",
"Chanel Cebekhulu",chanel.cebekhulu524@mycput.ac.za,200000524,"Biomedical Sciences","Bachelor of Health Sciences in Medical Laboratory Science (Extended Curriculum Programme)","Year 3","Strand CHC",2026-10-15,"07:00 - 17:00",
"Chanel Maphumulo",chanel.maphumulo525@mycput.ac.za,200000525,"Emergency Medical Sciences","Higher Certificate in Emergency Medical Care","Year 1","Strand CHC",2026-10-15,"07:00 - 17:00",
"Jacobus Maphumulo",jacobus.maphumulo526@mycput.ac.za,200000526,"Dental Sciences","Higher Certificate in Dental Assisting","Year 1","Anchusa CPOA",2026-10-16,"19:00 - 07:00",
"Ntuthuko Mathebula",ntuthuko.mathebula527@mycput.ac.za,200000527,"Nursing Sciences","Bachelor of Nursing (Extended Curriculum Programme)","Year 4","Anchusa CPOA",2026-10-16,"19:00 - 07:00",
"Zweli Fester",zweli.fester528@mycput.ac.za,200000528,"Medical Imaging & Therapeutic Sciences","Bachelor of Science in Nuclear Medicine Technology","Year 4","Anchusa CPOA",2026-10-16,"19:00 - 07:00",
"Annelie Liebenberg",annelie.liebenberg529@mycput.ac.za,200000529,"Ophthalmic Sciences","Bachelor of Health Sciences in Opticianry","Year 4","Bishop Lavis CHC",2026-10-16,"06:00 - 18:00",
"Maria Ndlovu",maria.ndlovu530@mycput.ac.za,200000530,"Ophthalmic Sciences","Bachelor of Health Sciences in Opticianry","Year 2","Bishop Lavis CHC",2026-10-16,"06:00 - 18:00",
"Caleb Jacobs",caleb.jacobs531@mycput.ac.za,200000531,"Biomedical Sciences","Bachelor of Health Sciences in Medical Laboratory Science","Year 1","Bishop Lavis CHC",2026-10-16,"06:00 - 18:00",
"Kgosi van der Merwe",kgosi.van.der.merwe532@mycput.ac.za,200000532,"Dental Sciences","Higher Certificate in Dental Assisting","Year 1","Bishop Lavis CHC",2026-10-16,"06:00 - 18:00",
"Bulelwa Olivier",bulelwa.olivier533@mycput.ac.za,200000533,"Nursing Sciences","Bachelor of Nursing (Extended Curriculum Programme)","Year 3","Eerste River Hospital",2026-10-16,"19:00 - 07:00",
"Bulelwa Abrahams",bulelwa.abrahams534@mycput.ac.za,200000534,"Medical Imaging & Therapeutic Sciences","Bachelor of Science in Diagnostic Radiography","Year 1","Eerste River Hospital",2026-10-16,"19:00 - 07:00",
"Petrus Mostert",petrus.mostert535@mycput.ac.za,200000535,"Wellness Sciences","Health and Wellness: Non-Diploma/Degree",N/A,"Eerste River Hospital",2026-10-16,"19:00 - 07:00",
"Willem Jansen",willem.jansen536@mycput.ac.za,200000536,"Ophthalmic Sciences","Bachelor of Health Sciences in Opticianry","Year 2","Eerste River Hospital",2026-10-16,"19:00 - 07:00",
"Sipho Arendse",sipho.arendse537@mycput.ac.za,200000537,"Wellness Sciences","Health and Wellness: Non-Diploma/Degree",N/A,"Goodwood CDC",2026-10-16,"06:00 - 14:00",
"Zweli Bezuidenhout",zweli.bezuidenhout538@mycput.ac.za,200000538,"Wellness Sciences","Diploma in Somatology","Year 2","Goodwood CDC",2026-10-16,"06:00 - 14:00",
"Willem Kotze",willem.kotze539@mycput.ac.za,200000539,"Dental Sciences","Higher Certificate in Dental Assisting","Year 1","Gugulethu CHC",2026-10-16,"06:00 - 14:00",
"Lungile Mahlangu",lungile.mahlangu540@mycput.ac.za,200000540,"Biomedical Sciences","Bachelor of Health Sciences in Medical Laboratory Science (Extended Curriculum Programme)","Year 2","Gugulethu CHC",2026-10-16,"06:00 - 14:00",
"Liezl Adams",liezl.adams541@mycput.ac.za,200000541,"Nursing Sciences","Bachelor of Nursing (Extended Curriculum Programme)","Year 1","Gugulethu CHC",2026-10-16,"06:00 - 14:00",
"Talia Roux",talia.roux542@mycput.ac.za,200000542,"Emergency Medical Sciences","Higher Certificate in Emergency Medical Care","Year 1","Heideveld Clinic",2026-10-16,"06:00 - 14:00",
"Annelie Erasmus",annelie.erasmus543@mycput.ac.za,200000543,"Nursing Sciences","Bachelor of Nursing (Extended Curriculum Programme)","Year 3","Heideveld Clinic",2026-10-16,"06:00 - 14:00",
"Dawie Visser",dawie.visser544@mycput.ac.za,200000544,"Biomedical Sciences","Bachelor of Health Sciences in Medical Laboratory Science","Year 1","Heideveld Clinic",2026-10-16,"06:00 - 14:00",
"Naledi Mokoena",naledi.mokoena545@mycput.ac.za,200000545,"Dental Sciences","Higher Certificate in Dental Assisting","Year 1","Heideveld Clinic",2026-10-16,"06:00 - 14:00",
"Maria Botha",maria.botha546@mycput.ac.za,200000546,"Nursing Sciences","Bachelor of Nursing","Year 4","Helderberg Hospital",2026-10-16,"06:00 - 14:00",
"Zanele Scheepers",zanele.scheepers547@mycput.ac.za,200000547,"Nursing Sciences","Bachelor of Nursing (Extended Curriculum Programme)","Year 1","Helderberg Hospital",2026-10-16,"06:00 - 14:00",
"Joshua Williams",joshua.williams548@mycput.ac.za,200000548,"Emergency Medical Sciences","Higher Certificate in Emergency Medical Care","Year 1","Helderberg Hospital",2026-10-16,"06:00 - 14:00",
"Willem Mthembu",willem.mthembu549@mycput.ac.za,200000549,"Nursing Sciences","Bachelor of Nursing (Extended Curriculum Programme)","Year 0","Helderberg Hospital",2026-10-16,"06:00 - 14:00",
"Thabo Fester",thabo.fester550@mycput.ac.za,200000550,"Wellness Sciences","Health and Wellness: Non-Diploma/Degree",N/A,"Helderberg Hospital",2026-10-16,"06:00 - 14:00",
"Megan Govender",megan.govender551@mycput.ac.za,200000551,"Ophthalmic Sciences","Bachelor of Health Sciences in Opticianry","Year 2","Hout Bay Volunteer EMS",2026-10-16,"19:00 - 07:00",
"Mbalentle Klaasen",mbalentle.klaasen552@mycput.ac.za,200000552,"Emergency Medical Sciences","Diploma in Emergency Care","Year 1","Hout Bay Volunteer EMS",2026-10-16,"19:00 - 07:00",
"Liezl Pillay",liezl.pillay553@mycput.ac.za,200000553,"Ophthalmic Sciences","Bachelor of Health Sciences in Opticianry","Year 2","Hout Bay Volunteer EMS",2026-10-16,"19:00 - 07:00",
"Rethabile Swartz",rethabile.swartz554@mycput.ac.za,200000554,"Emergency Medical Sciences","Diploma in Emergency Care","Year 2","Kasselsvlei CDC",2026-10-16,"19:00 - 07:00",
"Lerato Olivier",lerato.olivier555@mycput.ac.za,200000555,"Emergency Medical Sciences","Diploma in Emergency Care","Year 2","Kasselsvlei CDC",2026-10-16,"19:00 - 07:00",
"Bulelwa Scheepers",bulelwa.scheepers556@mycput.ac.za,200000556,"Nursing Sciences","Bachelor of Nursing (Extended Curriculum Programme)","Year 0","Kasselsvlei CDC",2026-10-16,"19:00 - 07:00",
"Willem Joseph",willem.joseph557@mycput.ac.za,200000557,"Nursing Sciences","Bachelor of Nursing (Extended Curriculum Programme)","Year 4","Kasselsvlei CDC",2026-10-16,"19:00 - 07:00",
"Zikhona Visser",zikhona.visser558@mycput.ac.za,200000558,"Medical Imaging & Therapeutic Sciences","Bachelor of Science in Diagnostic Radiography","Year 1","Langa Clinic",2026-10-16,"07:00 - 19:00",
"Jordan Liebenberg",jordan.liebenberg559@mycput.ac.za,200000559,"Emergency Medical Sciences","Higher Certificate in Emergency Medical Care","Year 1","Langa Clinic",2026-10-16,"07:00 - 19:00",
"Boitumelo Coetzee",boitumelo.coetzee560@mycput.ac.za,200000560,"Biomedical Sciences","Bachelor of Health Sciences in Medical Laboratory Science (Extended Curriculum Programme)","Year 0","Lentegeur Clinic",2026-10-16,"06:00 - 18:00",
"Willem Zulu",willem.zulu561@mycput.ac.za,200000561,"Biomedical Sciences","Bachelor of Health Sciences in Medical Laboratory Science (Articulation)","Year 3","Lentegeur Clinic",2026-10-16,"06:00 - 18:00",
"Charl Erasmus",charl.erasmus562@mycput.ac.za,200000562,"Wellness Sciences","Health and Wellness: Non-Diploma/Degree",N/A,"New Somerset Hospital",2026-10-16,"06:00 - 14:00",
"Sandile Joseph",sandile.joseph563@mycput.ac.za,200000563,"Medical Imaging & Therapeutic Sciences","Bachelor of Science in Diagnostic Ultrasound","Year 4","New Somerset Hospital",2026-10-16,"06:00 - 14:00",
"Jordan Zulu",jordan.zulu564@mycput.ac.za,200000564,"Nursing Sciences","Bachelor of Nursing","Year 4","Red Cross War Memorial Children's Hospital",2026-10-16,"06:00 - 14:00",
"Lesego Joseph",lesego.joseph565@mycput.ac.za,200000565,"Emergency Medical Sciences","Higher Certificate in Emergency Medical Care","Year 1","Red Cross War Memorial Children's Hospital",2026-10-16,"06:00 - 14:00",
"Lerato Fredericks",lerato.fredericks566@mycput.ac.za,200000566,"Biomedical Sciences","Bachelor of Health Sciences in Medical Laboratory Science (Articulation)","Year 4","Red Cross War Memorial Children's Hospital",2026-10-16,"06:00 - 14:00",
"Sipho Klaasen",sipho.klaasen567@mycput.ac.za,200000567,"Nursing Sciences","Bachelor of Nursing","Year 1","Red Cross War Memorial Children's Hospital",2026-10-16,"06:00 - 14:00",
"Themba Cebekhulu",themba.cebekhulu568@mycput.ac.za,200000568,"Emergency Medical Sciences","Higher Certificate in Emergency Medical Care","Year 1","Sea Point CPOA",2026-10-16,"06:00 - 18:00",
"Sandile Dlamini",sandile.dlamini569@mycput.ac.za,200000569,"Nursing Sciences","Bachelor of Nursing (Extended Curriculum Programme)","Year 0","Sea Point CPOA",2026-10-16,"06:00 - 18:00",
"Kgomotso Thomas",kgomotso.thomas570@mycput.ac.za,200000570,"Dental Sciences","Higher Certificate in Dental Assisting","Year 1","Sea Point CPOA",2026-10-16,"06:00 - 18:00",
"Karabo Mthembu",karabo.mthembu571@mycput.ac.za,200000571,"Nursing Sciences","Bachelor of Nursing","Year 2","Sea Point CPOA",2026-10-16,"06:00 - 18:00",
"Henri Buthelezi",henri.buthelezi572@mycput.ac.za,200000572,"Emergency Medical Sciences","Diploma in Emergency Care","Year 2","South African Paramedic Services",2026-10-16,"06:00 - 14:00",
"Susan Viljoen",susan.viljoen573@mycput.ac.za,200000573,"Medical Imaging & Therapeutic Sciences","Bachelor of Science in Nuclear Medicine Technology","Year 3","South African Paramedic Services",2026-10-16,"06:00 - 14:00",
"Reece Singh",reece.singh574@mycput.ac.za,200000574,"Dental Sciences","Higher Certificate in Dental Assisting","Year 1","South African Paramedic Services",2026-10-16,"06:00 - 14:00",
"Sandile Viljoen",sandile.viljoen575@mycput.ac.za,200000575,"Emergency Medical Sciences","Bachelor of Emergency Medical Care (Extended Curriculum Programme)","Year 4","Air Mercy Services",2026-10-19,"07:00 - 17:00",
"Naledi Maphumulo",naledi.maphumulo576@mycput.ac.za,200000576,"Dental Sciences","Higher Certificate in Dental Assisting","Year 1","Air Mercy Services",2026-10-19,"07:00 - 17:00",
"Lindiwe Joseph",lindiwe.joseph577@mycput.ac.za,200000577,"Nursing Sciences","Bachelor of Nursing","Year 2","Air Mercy Services",2026-10-19,"07:00 - 17:00",
"Sizwe Nel",sizwe.nel578@mycput.ac.za,200000578,"Medical Imaging & Therapeutic Sciences","Bachelor of Science in Diagnostic Ultrasound","Year 2","Air Mercy Services",2026-10-19,"07:00 - 17:00",
"Zweli Govender",zweli.govender579@mycput.ac.za,200000579,"Biomedical Sciences","Bachelor of Health Sciences in Medical Laboratory Science (Extended Curriculum Programme)","Year 3","College of Emergency Care",2026-10-19,"19:00 - 07:00",
"Mthokozisi de Kock",mthokozisi.de.kock580@mycput.ac.za,200000580,"Medical Imaging & Therapeutic Sciences","Bachelor of Science in Nuclear Medicine Technology","Year 2","College of Emergency Care",2026-10-19,"19:00 - 07:00",
"Nomsa Nel",nomsa.nel581@mycput.ac.za,200000581,"Ophthalmic Sciences","Bachelor of Health Sciences in Opticianry","Year 1","College of Emergency Care",2026-10-19,"19:00 - 07:00",
"Nicolette Petersen",nicolette.petersen582@mycput.ac.za,200000582,"Emergency Medical Sciences","Higher Certificate in Emergency Medical Care","Year 1","College of Emergency Care",2026-10-19,"19:00 - 07:00",
"Busisiwe Scheepers",busisiwe.scheepers583@mycput.ac.za,200000583,"Nursing Sciences","Bachelor of Nursing","Year 2","College of Emergency Care",2026-10-19,"19:00 - 07:00",
"Busisiwe Ndlovu",busisiwe.ndlovu584@mycput.ac.za,200000584,"Biomedical Sciences","Higher Certificate in Biomedical Sciences","Year 1","Elsies River Clinic",2026-10-19,"07:00 - 19:00",
"Mmabatho Govender",mmabatho.govender585@mycput.ac.za,200000585,"Medical Imaging & Therapeutic Sciences","Bachelor of Science in Radiation Therapy","Year 2","Elsies River Clinic",2026-10-19,"07:00 - 19:00",
"Pieter Frank",pieter.frank586@mycput.ac.za,200000586,"Nursing Sciences","Bachelor of Nursing","Year 1","Elsies River Clinic",2026-10-19,"07:00 - 19:00",
"Matshidiso Abrahams",matshidiso.abrahams587@mycput.ac.za,200000587,"Emergency Medical Sciences","Bachelor of Emergency Medical Care (Extended Curriculum Programme)","Year 3","Goodwood CDC",2026-10-19,"07:00 - 17:00",
"Sizwe Louw",sizwe.louw588@mycput.ac.za,200000588,"Nursing Sciences","Bachelor of Nursing (Extended Curriculum Programme)","Year 0","Goodwood CDC",2026-10-19,"07:00 - 17:00",
"Zweli Viljoen",zweli.viljoen589@mycput.ac.za,200000589,"Wellness Sciences","Diploma in Somatology","Year 2","Goodwood CDC",2026-10-19,"07:00 - 17:00",
"Willem Arendse",willem.arendse590@mycput.ac.za,200000590,"Emergency Medical Sciences","Bachelor of Emergency Medical Care (Extended Curriculum Programme)","Year 2","Gugulethu MOU",2026-10-19,"18:00 - 06:00",
"Hendrik Sithole",hendrik.sithole591@mycput.ac.za,200000591,"Dental Sciences","Higher Certificate in Dental Assisting","Year 1","Gugulethu MOU",2026-10-19,"18:00 - 06:00",
"Lerato Magerman",lerato.magerman592@mycput.ac.za,200000592,"Dental Sciences","Higher Certificate in Dental Assisting","Year 1","Gugulethu MOU",2026-10-19,"18:00 - 06:00",
"Dylan Bezuidenhout",dylan.bezuidenhout593@mycput.ac.za,200000593,"Nursing Sciences","Bachelor of Nursing (Extended Curriculum Programme)","Year 4","Gugulethu MOU",2026-10-19,"18:00 - 06:00",
"Mpumelelo Fredericks",mpumelelo.fredericks594@mycput.ac.za,200000594,"Nursing Sciences","Bachelor of Nursing (Extended Curriculum Programme)","Year 3","Heideveld Clinic",2026-10-19,"07:00 - 19:00",
"Palesa Marais",palesa.marais595@mycput.ac.za,200000595,"Medical Imaging & Therapeutic Sciences","Bachelor of Science in Radiation Therapy","Year 1","Heideveld Clinic",2026-10-19,"07:00 - 19:00",
"Mmabatho Botha",mmabatho.botha596@mycput.ac.za,200000596,"Dental Sciences","Higher Certificate in Dental Assisting","Year 1","Heideveld Clinic",2026-10-19,"07:00 - 19:00",
"Nosipho Mokoena",nosipho.mokoena597@mycput.ac.za,200000597,"Emergency Medical Sciences","Diploma in Emergency Care","Year 2","Heideveld Clinic",2026-10-19,"07:00 - 19:00",
"Nathan Burger",nathan.burger598@mycput.ac.za,200000598,"Medical Imaging & Therapeutic Sciences","Bachelor of Science in Diagnostic Radiography","Year 1","Hout Bay Volunteer EMS",2026-10-19,"19:00 - 07:00",
"Dylan Joseph",dylan.joseph599@mycput.ac.za,200000599,"Medical Imaging & Therapeutic Sciences","Bachelor of Science in Radiation Therapy","Year 4","Hout Bay Volunteer EMS",2026-10-19,"19:00 - 07:00",
"Boitumelo Botha",boitumelo.botha600@mycput.ac.za,200000600,"Ophthalmic Sciences","Bachelor of Health Sciences in Opticianry","Year 3","Hout Bay Volunteer EMS",2026-10-19,"19:00 - 07:00",
"Ntuthuko Dlamini",ntuthuko.dlamini601@mycput.ac.za,200000601,"Dental Sciences","Higher Certificate in Dental Assisting","Year 1","Karl Bremer Hospital",2026-10-19,"07:00 - 17:00",
"Elsabe Fourie",elsabe.fourie602@mycput.ac.za,200000602,"Nursing Sciences","Bachelor of Nursing (Extended Curriculum Programme)","Year 3","Karl Bremer Hospital",2026-10-19,"07:00 - 17:00",
"Daniel Plaatjies",daniel.plaatjies603@mycput.ac.za,200000603,"Medical Imaging & Therapeutic Sciences","Bachelor of Science in Nuclear Medicine Technology","Year 1","Karl Bremer Hospital",2026-10-19,"07:00 - 17:00",
"Boitumelo Bezuidenhout",boitumelo.bezuidenhout604@mycput.ac.za,200000604,"Medical Imaging & Therapeutic Sciences","Bachelor of Science in Diagnostic Ultrasound","Year 3","Khayelitsha Site B MOU",2026-10-19,"19:00 - 07:00",
"Naledi Plaatjies",naledi.plaatjies605@mycput.ac.za,200000605,"Biomedical Sciences","Bachelor of Health Sciences in Medical Laboratory Science","Year 3","Khayelitsha Site B MOU",2026-10-19,"19:00 - 07:00",
"Mikayla Botha",mikayla.botha606@mycput.ac.za,200000606,"Ophthalmic Sciences","Bachelor of Health Sciences in Opticianry","Year 4","Khayelitsha Site B MOU",2026-10-19,"19:00 - 07:00",
"Chanel Singh",chanel.singh607@mycput.ac.za,200000607,"Nursing Sciences","Bachelor of Nursing","Year 2","Khayelitsha Site B MOU",2026-10-19,"19:00 - 07:00",
"Thabo Fester",thabo.fester608@mycput.ac.za,200000608,"Emergency Medical Sciences","Diploma in Emergency Care","Year 1","Khayelitsha Site B MOU",2026-10-19,"19:00 - 07:00",
"Hendrik Filander",hendrik.filander609@mycput.ac.za,200000609,"Medical Imaging & Therapeutic Sciences","Bachelor of Science in Diagnostic Radiography","Year 3","Kuyasa Clinic",2026-10-19,"07:00 - 19:00",
"Raeleng Ruth Booyse",raeleng.ruth.booyse610@mycput.ac.za,200000610,"Nursing Sciences","Bachelor of Nursing (Extended Curriculum Programme)","Year 4","Kuyasa Clinic",2026-10-19,"07:00 - 19:00",
"Kgosi Filander",kgosi.filander611@mycput.ac.za,200000611,"Ophthalmic Sciences","Bachelor of Health Sciences in Opticianry","Year 2","Macassar CHC",2026-10-19,"07:00 - 17:00",
"Liezl Kotze",liezl.kotze612@mycput.ac.za,200000612,"Nursing Sciences","Bachelor of Nursing (Extended Curriculum Programme)","Year 1","Macassar CHC",2026-10-19,"07:00 - 17:00",
"Zikhona Plaatjies",zikhona.plaatjies613@mycput.ac.za,200000613,"Nursing Sciences","Bachelor of Nursing","Year 2","Macassar CHC",2026-10-19,"07:00 - 17:00",
"Hendrik Visser",hendrik.visser614@mycput.ac.za,200000614,"Medical Imaging & Therapeutic Sciences","Bachelor of Science in Diagnostic Radiography","Year 1","Macassar CHC",2026-10-19,"07:00 - 17:00",
"Onthatile Buthelezi",onthatile.buthelezi615@mycput.ac.za,200000615,"Wellness Sciences","Health and Wellness: Non-Diploma/Degree",N/A,"Macassar CHC",2026-10-19,"07:00 - 17:00",
"Palesa van Wyk",palesa.van.wyk616@mycput.ac.za,200000616,"Nursing Sciences","Bachelor of Nursing","Year 1","Victoria Hospital",2026-10-19,"06:00 - 18:00",
"Raeleng Ruth Klaasen",raeleng.ruth.klaasen617@mycput.ac.za,200000617,"Wellness Sciences","Health and Wellness: Non-Diploma/Degree",N/A,"Victoria Hospital",2026-10-19,"06:00 - 18:00",
"Ntombi Maphumulo",ntombi.maphumulo618@mycput.ac.za,200000618,"Wellness Sciences","Diploma in Somatology","Year 1","Delft Community Health Centre",2026-10-20,"06:00 - 14:00",
"Bradley Magerman",bradley.magerman619@mycput.ac.za,200000619,"Nursing Sciences","Bachelor of Nursing","Year 4","Delft Community Health Centre",2026-10-20,"06:00 - 14:00",
"Emily Cebekhulu",emily.cebekhulu620@mycput.ac.za,200000620,"Emergency Medical Sciences","Diploma in Emergency Care","Year 2","Delft Community Health Centre",2026-10-20,"06:00 - 14:00",
"Zweli Mahlangu",zweli.mahlangu621@mycput.ac.za,200000621,"Nursing Sciences","Bachelor of Nursing (Extended Curriculum Programme)","Year 2","Delft Community Health Centre",2026-10-20,"06:00 - 14:00",
"Kyle Kotze",kyle.kotze622@mycput.ac.za,200000622,"Ophthalmic Sciences","Bachelor of Health Sciences in Opticianry","Year 3","Eastridge Clinic",2026-10-20,"06:00 - 14:00",
"Talia Abrahams",talia.abrahams623@mycput.ac.za,200000623,"Nursing Sciences","Bachelor of Nursing (Extended Curriculum Programme)","Year 0","Eastridge Clinic",2026-10-20,"06:00 - 14:00",
"Nosipho Fourie",nosipho.fourie624@mycput.ac.za,200000624,"Ophthalmic Sciences","Bachelor of Health Sciences in Opticianry","Year 4","Eastridge Clinic",2026-10-20,"06:00 - 14:00",
"Francois Mathebula",francois.mathebula625@mycput.ac.za,200000625,"Emergency Medical Sciences","Bachelor of Emergency Medical Care (Extended Curriculum Programme)","Year 4","Eastridge Clinic",2026-10-20,"06:00 - 14:00",
"Dawie Cebekhulu",dawie.cebekhulu626@mycput.ac.za,200000626,"Ophthalmic Sciences","Bachelor of Health Sciences in Opticianry","Year 1","Kasselsvlei CDC",2026-10-20,"06:00 - 18:00",
"Nomvula Hendricks",nomvula.hendricks627@mycput.ac.za,200000627,"Dental Sciences","Higher Certificate in Dental Assisting","Year 1","Kasselsvlei CDC",2026-10-20,"06:00 - 18:00",
"Kimberley Jansen",kimberley.jansen628@mycput.ac.za,200000628,"Medical Imaging & Therapeutic Sciences","Bachelor of Science in Radiation Therapy","Year 1","Kasselsvlei CDC",2026-10-20,"06:00 - 18:00",
"Rethabile Petersen",rethabile.petersen629@mycput.ac.za,200000629,"Emergency Medical Sciences","Bachelor of Emergency Medical Care (Extended Curriculum Programme)","Year 3","Kasselsvlei CDC",2026-10-20,"06:00 - 18:00",
"Petrus Buthelezi",petrus.buthelezi630@mycput.ac.za,200000630,"Nursing Sciences","Bachelor of Nursing (Extended Curriculum Programme)","Year 2","Kasselsvlei CDC",2026-10-20,"06:00 - 18:00",
"Ntuthuko Grobler",ntuthuko.grobler631@mycput.ac.za,200000631,"Ophthalmic Sciences","Bachelor of Health Sciences in Opticianry","Year 2","Khayelitsha District Hospital",2026-10-20,"18:00 - 06:00",
"Naledi Maphumulo",naledi.maphumulo632@mycput.ac.za,200000632,"Nursing Sciences","Bachelor of Nursing","Year 1","Khayelitsha District Hospital",2026-10-20,"18:00 - 06:00",
"Lerato Zulu",lerato.zulu633@mycput.ac.za,200000633,"Biomedical Sciences","Bachelor of Health Sciences in Medical Laboratory Science (Extended Curriculum Programme)","Year 1","Langa CHC",2026-10-20,"06:00 - 18:00",
"Sibusiso Maphumulo",sibusiso.maphumulo634@mycput.ac.za,200000634,"Biomedical Sciences","Bachelor of Health Sciences in Medical Laboratory Science (Articulation)","Year 2","Langa CHC",2026-10-20,"06:00 - 18:00",
"Sandile Kotze",sandile.kotze635@mycput.ac.za,200000635,"Nursing Sciences","Bachelor of Nursing","Year 4","Langa CHC",2026-10-20,"06:00 - 18:00",
"Boitumelo Dlamini",boitumelo.dlamini636@mycput.ac.za,200000636,"Medical Imaging & Therapeutic Sciences","Bachelor of Science in Diagnostic Radiography","Year 1","Langa CHC",2026-10-20,"06:00 - 18:00",
"Mpumelelo Fester",mpumelelo.fester637@mycput.ac.za,200000637,"Ophthalmic Sciences","Bachelor of Health Sciences in Opticianry","Year 4","Lentegeur Clinic",2026-10-20,"07:00 - 17:00",
"Pieter Barnard",pieter.barnard638@mycput.ac.za,200000638,"Emergency Medical Sciences","Diploma in Emergency Care","Year 3","Lentegeur Clinic",2026-10-20,"07:00 - 17:00",
"Lesego Buthelezi",lesego.buthelezi639@mycput.ac.za,200000639,"Wellness Sciences","Health and Wellness: Non-Diploma/Degree",N/A,"Louis Leipoldt Medi-Clinic",2026-10-20,"07:00 - 19:00",
"Emily Thomas",emily.thomas640@mycput.ac.za,200000640,"Dental Sciences","Higher Certificate in Dental Assisting","Year 1","Louis Leipoldt Medi-Clinic",2026-10-20,"07:00 - 19:00",
"Ntuthuko Erasmus",ntuthuko.erasmus641@mycput.ac.za,200000641,"Nursing Sciences","Bachelor of Nursing (Extended Curriculum Programme)","Year 0","Manor Care CPOA",2026-10-20,"07:00 - 17:00",
"Lungile Botha",lungile.botha642@mycput.ac.za,200000642,"Nursing Sciences","Bachelor of Nursing","Year 4","Manor Care CPOA",2026-10-20,"07:00 - 17:00",
"Mikayla Mthembu",mikayla.mthembu643@mycput.ac.za,200000643,"Biomedical Sciences","Higher Certificate in Biomedical Sciences","Year 1","Manor Care CPOA",2026-10-20,"07:00 - 17:00",
"Sandile Mathebula",sandile.mathebula644@mycput.ac.za,200000644,"Wellness Sciences","Diploma in Somatology","Year 2","Manor Care CPOA",2026-10-20,"07:00 - 17:00",
"Sinegugu Visser",sinegugu.visser645@mycput.ac.za,200000645,"Biomedical Sciences","Bachelor of Health Sciences in Medical Laboratory Science (Articulation)","Year 2","Manor Care CPOA",2026-10-20,"07:00 - 17:00",
"Matshidiso van der Merwe",matshidiso.van.der.merwe646@mycput.ac.za,200000646,"Nursing Sciences","Bachelor of Nursing (Extended Curriculum Programme)","Year 3","Red Cross Air Mercy Service (AMS)",2026-10-20,"07:00 - 19:00",
"Ruan Cloete",ruan.cloete647@mycput.ac.za,200000647,"Nursing Sciences","Bachelor of Nursing (Extended Curriculum Programme)","Year 1","Red Cross Air Mercy Service (AMS)",2026-10-20,"07:00 - 19:00",
"Elsabe Peters",elsabe.peters648@mycput.ac.za,200000648,"Emergency Medical Sciences","Higher Certificate in Emergency Medical Care","Year 1","Red Cross Air Mercy Service (AMS)",2026-10-20,"07:00 - 19:00",
"Bongani Pretorius",bongani.pretorius649@mycput.ac.za,200000649,"Biomedical Sciences","Bachelor of Health Sciences in Medical Laboratory Science (Articulation)","Year 4","St Vincent CDC",2026-10-20,"06:00 - 18:00",
"Joshua Magerman",joshua.magerman650@mycput.ac.za,200000650,"Emergency Medical Sciences","Bachelor of Emergency Medical Care (Extended Curriculum Programme)","Year 3","St Vincent CDC",2026-10-20,"06:00 - 18:00",
"Megan Kekana",megan.kekana651@mycput.ac.za,200000651,"Nursing Sciences","Bachelor of Nursing (Extended Curriculum Programme)","Year 2","St Vincent CDC",2026-10-20,"06:00 - 18:00",
"Francois Williams",francois.williams652@mycput.ac.za,200000652,"Emergency Medical Sciences","Bachelor of Emergency Medical Care (Extended Curriculum Programme)","Year 0","St Vincent CDC",2026-10-20,"06:00 - 18:00",
"Chanel Plaatjies",chanel.plaatjies653@mycput.ac.za,200000653,"Nursing Sciences","Bachelor of Nursing","Year 1","Victoria Hospital",2026-10-20,"06:00 - 14:00",
"Ntombi Botha",ntombi.botha654@mycput.ac.za,200000654,"Nursing Sciences","Bachelor of Nursing (Extended Curriculum Programme)","Year 4","Victoria Hospital",2026-10-20,"06:00 - 14:00",
"Lwazi Kekana",lwazi.kekana655@mycput.ac.za,200000655,"Emergency Medical Sciences","Bachelor of Emergency Medical Care","Year 1","Victoria Hospital",2026-10-20,"06:00 - 14:00",
"Naledi Mostert",naledi.mostert656@mycput.ac.za,200000656,"Ophthalmic Sciences","Bachelor of Health Sciences in Opticianry","Year 2","107 Emergency Centre & Ambulance Service",2026-10-21,"18:00 - 06:00",
"Dawie Cloete",dawie.cloete657@mycput.ac.za,200000657,"Ophthalmic Sciences","Bachelor of Health Sciences in Opticianry","Year 3","107 Emergency Centre & Ambulance Service",2026-10-21,"18:00 - 06:00",
"Bradley Pillay",bradley.pillay658@mycput.ac.za,200000658,"Nursing Sciences","Bachelor of Nursing","Year 1","107 Emergency Centre & Ambulance Service",2026-10-21,"18:00 - 06:00",
"Jacobus Swanepoel",jacobus.swanepoel659@mycput.ac.za,200000659,"Nursing Sciences","Bachelor of Nursing (Extended Curriculum Programme)","Year 1","107 Emergency Centre & Ambulance Service",2026-10-21,"18:00 - 06:00",
"Rethabile Kotze",rethabile.kotze660@mycput.ac.za,200000660,"Nursing Sciences","Bachelor of Nursing","Year 2","107 Emergency Centre & Ambulance Service",2026-10-21,"18:00 - 06:00",
"Anna Coetzee",anna.coetzee661@mycput.ac.za,200000661,"Nursing Sciences","Bachelor of Nursing","Year 3","Goodwood CDC",2026-10-21,"07:00 - 19:00",
"Sipho Barnard",sipho.barnard662@mycput.ac.za,200000662,"Medical Imaging & Therapeutic Sciences","Bachelor of Science in Nuclear Medicine Technology","Year 3","Goodwood CDC",2026-10-21,"07:00 - 19:00",
"Johannes Arendse",johannes.arendse663@mycput.ac.za,200000663,"Nursing Sciences","Bachelor of Nursing (Extended Curriculum Programme)","Year 1","Grassy Park CHC",2026-10-21,"07:00 - 19:00",
"Talia Filander",talia.filander664@mycput.ac.za,200000664,"Dental Sciences","Higher Certificate in Dental Assisting","Year 1","Grassy Park CHC",2026-10-21,"07:00 - 19:00",
"Nicolette Booyse",nicolette.booyse665@mycput.ac.za,200000665,"Biomedical Sciences","Bachelor of Health Sciences in Medical Laboratory Science","Year 2","Grassy Park CHC",2026-10-21,"07:00 - 19:00",
"Pieter Govender",pieter.govender666@mycput.ac.za,200000666,"Nursing Sciences","Bachelor of Nursing","Year 2","Grassy Park CHC",2026-10-21,"07:00 - 19:00",
"Matshidiso Sithole",matshidiso.sithole667@mycput.ac.za,200000667,"Medical Imaging & Therapeutic Sciences","Bachelor of Science in Diagnostic Radiography","Year 3","Heideveld Clinic",2026-10-21,"07:00 - 19:00",
"Nicolette Roux",nicolette.roux668@mycput.ac.za,200000668,"Biomedical Sciences","Bachelor of Health Sciences in Medical Laboratory Science (Extended Curriculum Programme)","Year 3","Heideveld Clinic",2026-10-21,"07:00 - 19:00",
"Palesa Mokoena",palesa.mokoena669@mycput.ac.za,200000669,"Dental Sciences","Higher Certificate in Dental Assisting","Year 1","Heideveld Clinic",2026-10-21,"07:00 - 19:00",
"Mpho Jansen",mpho.jansen670@mycput.ac.za,200000670,"Ophthalmic Sciences","Bachelor of Health Sciences in Opticianry","Year 2","Heideveld Clinic",2026-10-21,"07:00 - 19:00",
"Sandile Fester",sandile.fester671@mycput.ac.za,200000671,"Emergency Medical Sciences","Higher Certificate in Emergency Medical Care","Year 1","Heideveld Clinic",2026-10-21,"07:00 - 19:00",
"Dylan Jansen",dylan.jansen672@mycput.ac.za,200000672,"Nursing Sciences","Bachelor of Nursing","Year 4","Landsdowne Clinic",2026-10-21,"06:00 - 18:00",
"Mpho Jacobs",mpho.jacobs673@mycput.ac.za,200000673,"Nursing Sciences","Bachelor of Nursing (Extended Curriculum Programme)","Year 1","Landsdowne Clinic",2026-10-21,"06:00 - 18:00",
"Shannon Mthembu",shannon.mthembu674@mycput.ac.za,200000674,"Biomedical Sciences","Bachelor of Health Sciences in Medical Laboratory Science (Extended Curriculum Programme)","Year 3","Landsdowne Clinic",2026-10-21,"06:00 - 18:00",
"Willem Sibiya",willem.sibiya675@mycput.ac.za,200000675,"Nursing Sciences","Bachelor of Nursing","Year 4","Landsdowne Clinic",2026-10-21,"06:00 - 18:00",
"Boitumelo Booyse",boitumelo.booyse676@mycput.ac.za,200000676,"Ophthalmic Sciences","Bachelor of Health Sciences in Opticianry","Year 1","Landsdowne Clinic",2026-10-21,"06:00 - 18:00",
"Reece Naidoo",reece.naidoo677@mycput.ac.za,200000677,"Medical Imaging & Therapeutic Sciences","Bachelor of Science in Radiation Therapy","Year 3","Langa CHC",2026-10-21,"18:00 - 06:00",
"Dylan Meyer",dylan.meyer678@mycput.ac.za,200000678,"Medical Imaging & Therapeutic Sciences","Bachelor of Science in Diagnostic Radiography","Year 4","Langa CHC",2026-10-21,"18:00 - 06:00",
"Bradley Joseph",bradley.joseph679@mycput.ac.za,200000679,"Nursing Sciences","Bachelor of Nursing","Year 3","Langa CHC",2026-10-21,"18:00 - 06:00",
"Shintleless le Klaasen",shintleless.le.klaasen680@mycput.ac.za,200000680,"Medical Imaging & Therapeutic Sciences","Bachelor of Science in Nuclear Medicine Technology","Year 3","Lotus River CHC",2026-10-21,"19:00 - 07:00",
"Kyle Abrahams",kyle.abrahams681@mycput.ac.za,200000681,"Emergency Medical Sciences","Bachelor of Emergency Medical Care (Extended Curriculum Programme)","Year 2","Lotus River CHC",2026-10-21,"19:00 - 07:00",
"Shintleless le Sauls",shintleless.le.sauls682@mycput.ac.za,200000682,"Emergency Medical Sciences","Bachelor of Emergency Medical Care (Extended Curriculum Programme)","Year 4","Lotus River CHC",2026-10-21,"19:00 - 07:00",
"Bulelwa Arendse",bulelwa.arendse683@mycput.ac.za,200000683,"Biomedical Sciences","Bachelor of Health Sciences in Medical Laboratory Science","Year 2","Metro Emergency Medical Service - Western Division",2026-10-21,"07:00 - 19:00",
"Matshidiso Kotze",matshidiso.kotze684@mycput.ac.za,200000684,"Emergency Medical Sciences","Bachelor of Emergency Medical Care","Year 2","Metro Emergency Medical Service - Western Division",2026-10-21,"07:00 - 19:00",
"Lwazi Kekana",lwazi.kekana685@mycput.ac.za,200000685,"Emergency Medical Sciences","Higher Certificate in Emergency Medical Care","Year 1","Metro Emergency Medical Service - Western Division",2026-10-21,"07:00 - 19:00",
"Sizwe Coetzee",sizwe.coetzee686@mycput.ac.za,200000686,"Wellness Sciences","Health and Wellness: Non-Diploma/Degree",N/A,"Mitchell's Plain District Hospital",2026-10-21,"19:00 - 07:00",
"Jacobus Thomas",jacobus.thomas687@mycput.ac.za,200000687,"Nursing Sciences","Bachelor of Nursing (Extended Curriculum Programme)","Year 3","Mitchell's Plain District Hospital",2026-10-21,"19:00 - 07:00",
"Jacobus Abrahams",jacobus.abrahams688@mycput.ac.za,200000688,"Nursing Sciences","Bachelor of Nursing","Year 2","Mitchell's Plain District Hospital",2026-10-21,"19:00 - 07:00",
"Francois Burger",francois.burger689@mycput.ac.za,200000689,"Nursing Sciences","Bachelor of Nursing","Year 3","Pinelands Place",2026-10-21,"19:00 - 07:00",
"Megan Mathebula",megan.mathebula690@mycput.ac.za,200000690,"Biomedical Sciences","Bachelor of Health Sciences in Medical Laboratory Science","Year 2","Pinelands Place",2026-10-21,"19:00 - 07:00",
"Megan Mostert",megan.mostert691@mycput.ac.za,200000691,"Emergency Medical Sciences","Bachelor of Emergency Medical Care","Year 2","Ravensmead CHC",2026-10-21,"07:00 - 19:00",
"Amahle Steyn",amahle.steyn692@mycput.ac.za,200000692,"Emergency Medical Sciences","Diploma in Emergency Care","Year 3","Ravensmead CHC",2026-10-21,"07:00 - 19:00",
"Amahle Jacobs",amahle.jacobs693@mycput.ac.za,200000693,"Nursing Sciences","Bachelor of Nursing (Extended Curriculum Programme)","Year 3","Ravensmead CHC",2026-10-21,"07:00 - 19:00",
"Sandile Meyer",sandile.meyer694@mycput.ac.za,200000694,"Emergency Medical Sciences","Diploma in Emergency Care","Year 3","Red Cross War Memorial Children's Hospital",2026-10-21,"18:00 - 06:00",
"Megan Moodley",megan.moodley695@mycput.ac.za,200000695,"Biomedical Sciences","Bachelor of Health Sciences in Medical Laboratory Science","Year 1","Red Cross War Memorial Children's Hospital",2026-10-21,"18:00 - 06:00",
"Kyle Molefe",kyle.molefe696@mycput.ac.za,200000696,"Dental Sciences","Higher Certificate in Dental Assisting","Year 1","Reed Street CDC",2026-10-21,"06:00 - 14:00",
"Thabo Thomas",thabo.thomas697@mycput.ac.za,200000697,"Emergency Medical Sciences","Bachelor of Emergency Medical Care (Extended Curriculum Programme)","Year 2","Reed Street CDC",2026-10-21,"06:00 - 14:00",
"Elsabe Khumalo",elsabe.khumalo698@mycput.ac.za,200000698,"Medical Imaging & Therapeutic Sciences","Bachelor of Science in Nuclear Medicine Technology","Year 1","Retreat CHC",2026-10-21,"06:00 - 18:00",
"Dawie Kotze",dawie.kotze699@mycput.ac.za,200000699,"Dental Sciences","Higher Certificate in Dental Assisting","Year 1","Retreat CHC",2026-10-21,"06:00 - 18:00",
"Anna Swanepoel",anna.swanepoel700@mycput.ac.za,200000700,"Wellness Sciences","Diploma in Somatology","Year 1","Retreat CHC",2026-10-21,"06:00 - 18:00",
"Sizwe de Kock",sizwe.de.kock701@mycput.ac.za,200000701,"Wellness Sciences","Diploma in Somatology","Year 3","Air Mercy Services",2026-10-22,"18:00 - 06:00",
"Nomvula Filander",nomvula.filander702@mycput.ac.za,200000702,"Nursing Sciences","Bachelor of Nursing","Year 3","Air Mercy Services",2026-10-22,"18:00 - 06:00",
"Reece Zulu",reece.zulu703@mycput.ac.za,200000703,"Ophthalmic Sciences","Bachelor of Health Sciences in Opticianry","Year 3","Air Mercy Services",2026-10-22,"18:00 - 06:00",
"Tayla Moodley",tayla.moodley704@mycput.ac.za,200000704,"Medical Imaging & Therapeutic Sciences","Bachelor of Science in Nuclear Medicine Technology","Year 2","Air Mercy Services",2026-10-22,"18:00 - 06:00",
"Mpho Scheepers",mpho.scheepers705@mycput.ac.za,200000705,"Dental Sciences","Higher Certificate in Dental Assisting","Year 1","Alexandra Hospital",2026-10-22,"19:00 - 07:00",
"Mpho Maphumulo",mpho.maphumulo706@mycput.ac.za,200000706,"Medical Imaging & Therapeutic Sciences","Bachelor of Science in Diagnostic Radiography","Year 2","Alexandra Hospital",2026-10-22,"19:00 - 07:00",
"Sipho Venter",sipho.venter707@mycput.ac.za,200000707,"Emergency Medical Sciences","Diploma in Emergency Care","Year 1","Alexandra Hospital",2026-10-22,"19:00 - 07:00",
"Ntombi Arendse",ntombi.arendse708@mycput.ac.za,200000708,"Nursing Sciences","Bachelor of Nursing (Extended Curriculum Programme)","Year 1","Alexandra Hospital",2026-10-22,"19:00 - 07:00",
"Ntuthuko Abrahams",ntuthuko.abrahams709@mycput.ac.za,200000709,"Medical Imaging & Therapeutic Sciences","Bachelor of Science in Diagnostic Ultrasound","Year 1","Alexandra Hospital",2026-10-22,"19:00 - 07:00",
"Petrus Magerman",petrus.magerman710@mycput.ac.za,200000710,"Biomedical Sciences","Bachelor of Health Sciences in Medical Laboratory Science (Extended Curriculum Programme)","Year 0","Eastridge Clinic",2026-10-22,"19:00 - 07:00",
"Rethabile Mathebula",rethabile.mathebula711@mycput.ac.za,200000711,"Nursing Sciences","Bachelor of Nursing (Extended Curriculum Programme)","Year 3","Eastridge Clinic",2026-10-22,"19:00 - 07:00",
"Nadia Erasmus",nadia.erasmus712@mycput.ac.za,200000712,"Emergency Medical Sciences","Diploma in Emergency Care","Year 1","Eastridge Clinic",2026-10-22,"19:00 - 07:00",
"Hendrik Swartz",hendrik.swartz713@mycput.ac.za,200000713,"Biomedical Sciences","Bachelor of Health Sciences in Medical Laboratory Science (Extended Curriculum Programme)","Year 1","Grassy Park CHC",2026-10-22,"19:00 - 07:00",
"Sizwe Swartz",sizwe.swartz714@mycput.ac.za,200000714,"Nursing Sciences","Bachelor of Nursing","Year 2","Grassy Park CHC",2026-10-22,"19:00 - 07:00",
"Kgomotso Sauls",kgomotso.sauls715@mycput.ac.za,200000715,"Nursing Sciences","Bachelor of Nursing","Year 3","Grassy Park CHC",2026-10-22,"19:00 - 07:00",
"Nadia Sibiya",nadia.sibiya716@mycput.ac.za,200000716,"Nursing Sciences","Bachelor of Nursing (Extended Curriculum Programme)","Year 2","Grassy Park CHC",2026-10-22,"19:00 - 07:00",
"Naledi Kotze",naledi.kotze717@mycput.ac.za,200000717,"Nursing Sciences","Bachelor of Nursing","Year 1","Grassy Park CHC",2026-10-22,"19:00 - 07:00",
"Zweli Visser",zweli.visser718@mycput.ac.za,200000718,"Biomedical Sciences","Higher Certificate in Biomedical Sciences","Year 1","Gugulethu CHC",2026-10-22,"07:00 - 19:00",
"Ntuthuko Mathebula",ntuthuko.mathebula719@mycput.ac.za,200000719,"Wellness Sciences","Advanced Diploma in Somatology","Year 4","Gugulethu CHC",2026-10-22,"07:00 - 19:00",
"Nadia Mthembu",nadia.mthembu720@mycput.ac.za,200000720,"Medical Imaging & Therapeutic Sciences","Bachelor of Science in Diagnostic Ultrasound","Year 1","Gugulethu CHC",2026-10-22,"07:00 - 19:00",
"Shannon Barnard",shannon.barnard721@mycput.ac.za,200000721,"Emergency Medical Sciences","Higher Certificate in Emergency Medical Care","Year 1","Kuyasa Clinic",2026-10-22,"07:00 - 17:00",
"Kyle Burger",kyle.burger722@mycput.ac.za,200000722,"Biomedical Sciences","Bachelor of Health Sciences in Medical Laboratory Science","Year 2","Kuyasa Clinic",2026-10-22,"07:00 - 17:00",
"Lerato Louw",lerato.louw723@mycput.ac.za,200000723,"Nursing Sciences","Bachelor of Nursing (Extended Curriculum Programme)","Year 1","Kuyasa Clinic",2026-10-22,"07:00 - 17:00",
"Shintleless le Jacobs",shintleless.le.jacobs724@mycput.ac.za,200000724,"Biomedical Sciences","Bachelor of Health Sciences in Medical Laboratory Science","Year 1","Kuyasa Clinic",2026-10-22,"07:00 - 17:00",
"Thabo Cloete",thabo.cloete725@mycput.ac.za,200000725,"Biomedical Sciences","Bachelor of Health Sciences in Medical Laboratory Science (Articulation)","Year 3","Louis Leipoldt Medi-Clinic",2026-10-22,"06:00 - 14:00",
"Liezl Ngcobo",liezl.ngcobo726@mycput.ac.za,200000726,"Wellness Sciences","Advanced Diploma in Somatology","Year 4","Louis Leipoldt Medi-Clinic",2026-10-22,"06:00 - 14:00",
"Reece Swanepoel",reece.swanepoel727@mycput.ac.za,200000727,"Nursing Sciences","Bachelor of Nursing (Extended Curriculum Programme)","Year 1","Louis Leipoldt Medi-Clinic",2026-10-22,"06:00 - 14:00",
"Nomsa Burger",nomsa.burger728@mycput.ac.za,200000728,"Medical Imaging & Therapeutic Sciences","Bachelor of Science in Diagnostic Radiography","Year 3","Louis Leipoldt Medi-Clinic",2026-10-22,"06:00 - 14:00",
"Nathan Sauls",nathan.sauls729@mycput.ac.za,200000729,"Biomedical Sciences","Bachelor of Health Sciences in Medical Laboratory Science","Year 2","Louis Leipoldt Medi-Clinic",2026-10-22,"06:00 - 14:00",
"Petrus Mostert",petrus.mostert730@mycput.ac.za,200000730,"Nursing Sciences","Bachelor of Nursing","Year 4","Metro Emergency Medical Service - Western Division",2026-10-22,"07:00 - 17:00",
"Emily Swartz",emily.swartz731@mycput.ac.za,200000731,"Biomedical Sciences","Bachelor of Health Sciences in Medical Laboratory Science (Articulation)","Year 3","Metro Emergency Medical Service - Western Division",2026-10-22,"07:00 - 17:00",
"Busisiwe Singh",busisiwe.singh732@mycput.ac.za,200000732,"Biomedical Sciences","Higher Certificate in Biomedical Sciences","Year 1","Metro Emergency Medical Service - Western Division",2026-10-22,"07:00 - 17:00",
"Sanele Dentlinger",sanele.dentlinger733@mycput.ac.za,200000733,"Wellness Sciences","Diploma in Somatology","Year 3","Metro Emergency Medical Service - Western Division",2026-10-22,"07:00 - 17:00",
"Jordan Jacobs",jordan.jacobs734@mycput.ac.za,200000734,"Wellness Sciences","Diploma in Somatology","Year 3","Metro Emergency Medical Service - Western Division",2026-10-22,"07:00 - 17:00",
"Willem Zulu",willem.zulu735@mycput.ac.za,200000735,"Wellness Sciences","Health and Wellness: Non-Diploma/Degree",N/A,"Mitchell's Plain CHC & MOU",2026-10-22,"18:00 - 06:00",
"Hendrik Mahlangu",hendrik.mahlangu736@mycput.ac.za,200000736,"Dental Sciences","Higher Certificate in Dental Assisting","Year 1","Mitchell's Plain CHC & MOU",2026-10-22,"18:00 - 06:00",
"Bongani Viljoen",bongani.viljoen737@mycput.ac.za,200000737,"Medical Imaging & Therapeutic Sciences","Bachelor of Science in Radiation Therapy","Year 1","Mitchell's Plain CHC & MOU",2026-10-22,"18:00 - 06:00",
"Shannon Joseph",shannon.joseph738@mycput.ac.za,200000738,"Emergency Medical Sciences","Higher Certificate in Emergency Medical Care","Year 1","Mitchell's Plain CHC & MOU",2026-10-22,"18:00 - 06:00",
"Lwazi Jonkers",lwazi.jonkers739@mycput.ac.za,200000739,"Biomedical Sciences","Bachelor of Health Sciences in Medical Laboratory Science (Extended Curriculum Programme)","Year 1","Mowbray Maternity Hospital",2026-10-22,"07:00 - 19:00",
"Themba de Kock",themba.de.kock740@mycput.ac.za,200000740,"Ophthalmic Sciences","Bachelor of Health Sciences in Opticianry","Year 3","Mowbray Maternity Hospital",2026-10-22,"07:00 - 19:00",
"Lungile Erasmus",lungile.erasmus741@mycput.ac.za,200000741,"Medical Imaging & Therapeutic Sciences","Bachelor of Science in Diagnostic Ultrasound","Year 4","Parow CHC",2026-10-22,"07:00 - 17:00",
"Keabetswe Mostert",keabetswe.mostert742@mycput.ac.za,200000742,"Nursing Sciences","Bachelor of Nursing","Year 4","Parow CHC",2026-10-22,"07:00 - 17:00",
"Zweli Khumalo",zweli.khumalo743@mycput.ac.za,200000743,"Nursing Sciences","Bachelor of Nursing","Year 1","Parow CHC",2026-10-22,"07:00 - 17:00",
"Matshidiso Zulu",matshidiso.zulu744@mycput.ac.za,200000744,"Medical Imaging & Therapeutic Sciences","Bachelor of Science in Radiation Therapy","Year 3","Parow CHC",2026-10-22,"07:00 - 17:00",
"Bradley Ndlovu",bradley.ndlovu745@mycput.ac.za,200000745,"Nursing Sciences","Bachelor of Nursing (Extended Curriculum Programme)","Year 1","Parow CHC",2026-10-22,"07:00 - 17:00",
"Petrus Naidoo",petrus.naidoo746@mycput.ac.za,200000746,"Medical Imaging & Therapeutic Sciences","Bachelor of Science in Diagnostic Ultrasound","Year 4","Red Cross Air Mercy Service (AMS)",2026-10-22,"06:00 - 14:00",
"Dylan Williams",dylan.williams747@mycput.ac.za,200000747,"Biomedical Sciences","Bachelor of Health Sciences in Medical Laboratory Science (Articulation)","Year 4","Red Cross Air Mercy Service (AMS)",2026-10-22,"06:00 - 14:00",
"Maria Olivier",maria.olivier748@mycput.ac.za,200000748,"Emergency Medical Sciences","Higher Certificate in Emergency Medical Care","Year 1","Red Cross Air Mercy Service (AMS)",2026-10-22,"06:00 - 14:00",
"Shintleless le Scheepers",shintleless.le.scheepers749@mycput.ac.za,200000749,"Emergency Medical Sciences","Bachelor of Emergency Medical Care","Year 1","Red Cross Air Mercy Service (AMS)",2026-10-22,"06:00 - 14:00",
"Zikhona Basson",zikhona.basson750@mycput.ac.za,200000750,"Dental Sciences","Higher Certificate in Dental Assisting","Year 1","South African Paramedic Services",2026-10-22,"07:00 - 17:00",
"Pieter Petersen",pieter.petersen751@mycput.ac.za,200000751,"Emergency Medical Sciences","Bachelor of Emergency Medical Care (Extended Curriculum Programme)","Year 1","South African Paramedic Services",2026-10-22,"07:00 - 17:00",
"Boitumelo Liebenberg",boitumelo.liebenberg752@mycput.ac.za,200000752,"Biomedical Sciences","Higher Certificate in Biomedical Sciences","Year 1","South African Paramedic Services",2026-10-22,"07:00 - 17:00",
"Naledi de Kock",naledi.de.kock753@mycput.ac.za,200000753,"Biomedical Sciences","Higher Certificate in Biomedical Sciences","Year 1","South African Paramedic Services",2026-10-22,"07:00 - 17:00",
"Naledi Mthembu",naledi.mthembu754@mycput.ac.za,200000754,"Emergency Medical Sciences","Higher Certificate in Emergency Medical Care","Year 1","South African Paramedic Services",2026-10-22,"07:00 - 17:00",
"Megan Cloete",megan.cloete755@mycput.ac.za,200000755,"Dental Sciences","Higher Certificate in Dental Assisting","Year 1","107 Emergency Centre & Ambulance Service",2026-10-23,"06:00 - 18:00",
"Jordan Maphumulo",jordan.maphumulo756@mycput.ac.za,200000756,"Emergency Medical Sciences","Bachelor of Emergency Medical Care","Year 1","107 Emergency Centre & Ambulance Service",2026-10-23,"06:00 - 18:00",
"Petrus van Wyk",petrus.van.wyk757@mycput.ac.za,200000757,"Emergency Medical Sciences","Diploma in Emergency Care","Year 2","107 Emergency Centre & Ambulance Service",2026-10-23,"06:00 - 18:00",
"Xolani Mokoena",xolani.mokoena758@mycput.ac.za,200000758,"Medical Imaging & Therapeutic Sciences","Bachelor of Science in Nuclear Medicine Technology","Year 3","107 Emergency Centre & Ambulance Service",2026-10-23,"06:00 - 18:00",
"Ayanda Frank",ayanda.frank759@mycput.ac.za,200000759,"Dental Sciences","Higher Certificate in Dental Assisting","Year 1","107 Emergency Centre & Ambulance Service",2026-10-23,"06:00 - 18:00",
"Willem Erasmus",willem.erasmus760@mycput.ac.za,200000760,"Nursing Sciences","Bachelor of Nursing (Extended Curriculum Programme)","Year 0","Elsies River Clinic",2026-10-23,"06:00 - 14:00",
"Kgosi Adams",kgosi.adams761@mycput.ac.za,200000761,"Nursing Sciences","Bachelor of Nursing (Extended Curriculum Programme)","Year 1","Elsies River Clinic",2026-10-23,"06:00 - 14:00",
"Lerato Grobler",lerato.grobler762@mycput.ac.za,200000762,"Nursing Sciences","Bachelor of Nursing","Year 1","Elsies River Clinic",2026-10-23,"06:00 - 14:00",
"Lerato Sithole",lerato.sithole763@mycput.ac.za,200000763,"Nursing Sciences","Bachelor of Nursing","Year 3","Elsies River Clinic",2026-10-23,"06:00 - 14:00",
"Elsabe Ngcobo",elsabe.ngcobo764@mycput.ac.za,200000764,"Nursing Sciences","Bachelor of Nursing","Year 4","Elsies River Clinic",2026-10-23,"06:00 - 14:00",
"Kgomotso Ngcobo",kgomotso.ngcobo765@mycput.ac.za,200000765,"Nursing Sciences","Bachelor of Nursing (Extended Curriculum Programme)","Year 3","Helderberg Hospital",2026-10-23,"18:00 - 06:00",
"Maria Magerman",maria.magerman766@mycput.ac.za,200000766,"Biomedical Sciences","Bachelor of Health Sciences in Medical Laboratory Science (Articulation)","Year 3","Helderberg Hospital",2026-10-23,"18:00 - 06:00",
"Chloe Meyer",chloe.meyer767@mycput.ac.za,200000767,"Emergency Medical Sciences","Higher Certificate in Emergency Medical Care","Year 1","Helderberg Hospital",2026-10-23,"18:00 - 06:00",
"Naledi Arendse",naledi.arendse768@mycput.ac.za,200000768,"Ophthalmic Sciences","Bachelor of Health Sciences in Opticianry","Year 2","Helderberg Hospital",2026-10-23,"18:00 - 06:00",
"Marietjie Peters",marietjie.peters769@mycput.ac.za,200000769,"Nursing Sciences","Bachelor of Nursing","Year 3","Langa CHC",2026-10-23,"19:00 - 07:00",
"Jordan Govender",jordan.govender770@mycput.ac.za,200000770,"Emergency Medical Sciences","Bachelor of Emergency Medical Care","Year 1","Langa CHC",2026-10-23,"19:00 - 07:00",
"Megan Zulu",megan.zulu771@mycput.ac.za,200000771,"Ophthalmic Sciences","Bachelor of Health Sciences in Opticianry","Year 3","Life Vincent Pallotti Hospital",2026-10-23,"19:00 - 07:00",
"Bulelwa Smith",bulelwa.smith772@mycput.ac.za,200000772,"Emergency Medical Sciences","Diploma in Emergency Care","Year 1","Life Vincent Pallotti Hospital",2026-10-23,"19:00 - 07:00",
"Amahle Mokoena",amahle.mokoena773@mycput.ac.za,200000773,"Wellness Sciences","Advanced Diploma in Somatology","Year 4","Life Vincent Pallotti Hospital",2026-10-23,"19:00 - 07:00",
"Lungile Buthelezi",lungile.buthelezi774@mycput.ac.za,200000774,"Medical Imaging & Therapeutic Sciences","Bachelor of Science in Nuclear Medicine Technology","Year 3","Life Vincent Pallotti Hospital",2026-10-23,"19:00 - 07:00",
"Dawie Hendricks",dawie.hendricks775@mycput.ac.za,200000775,"Emergency Medical Sciences","Higher Certificate in Emergency Medical Care","Year 1","Life Vincent Pallotti Hospital",2026-10-23,"19:00 - 07:00",
"Shintleless le Visser",shintleless.le.visser776@mycput.ac.za,200000776,"Emergency Medical Sciences","Bachelor of Emergency Medical Care (Extended Curriculum Programme)","Year 2","Paarl Hospital",2026-10-23,"06:00 - 18:00",
"Ntuthuko Dlamini",ntuthuko.dlamini777@mycput.ac.za,200000777,"Medical Imaging & Therapeutic Sciences","Bachelor of Science in Radiation Therapy","Year 3","Paarl Hospital",2026-10-23,"06:00 - 18:00",
"Mthokozisi Molefe",mthokozisi.molefe778@mycput.ac.za,200000778,"Emergency Medical Sciences","Higher Certificate in Emergency Medical Care","Year 1","Paarl Hospital",2026-10-23,"06:00 - 18:00",
"Nicolette Mahlangu",nicolette.mahlangu779@mycput.ac.za,200000779,"Nursing Sciences","Bachelor of Nursing (Extended Curriculum Programme)","Year 4","Paarl Hospital",2026-10-23,"06:00 - 18:00",
"Ayanda Kekana",ayanda.kekana780@mycput.ac.za,200000780,"Wellness Sciences","Diploma in Somatology","Year 3","Paarl Hospital",2026-10-23,"06:00 - 18:00",
"Pieter Cloete",pieter.cloete781@mycput.ac.za,200000781,"Emergency Medical Sciences","Higher Certificate in Emergency Medical Care","Year 1","Ravensmead CHC",2026-10-23,"06:00 - 18:00",
"Johannes Frank",johannes.frank782@mycput.ac.za,200000782,"Emergency Medical Sciences","Bachelor of Emergency Medical Care","Year 1","Ravensmead CHC",2026-10-23,"06:00 - 18:00",
"Tebogo de Kock",tebogo.de.kock783@mycput.ac.za,200000783,"Ophthalmic Sciences","Bachelor of Health Sciences in Opticianry","Year 4","Retreat CHC",2026-10-23,"18:00 - 06:00",
"Lerato Fester",lerato.fester784@mycput.ac.za,200000784,"Dental Sciences","Higher Certificate in Dental Assisting","Year 1","Retreat CHC",2026-10-23,"18:00 - 06:00",
"Sizwe Fester",sizwe.fester785@mycput.ac.za,200000785,"Emergency Medical Sciences","Diploma in Emergency Care","Year 2","Retreat CHC",2026-10-23,"18:00 - 06:00",
"Palesa Mthembu",palesa.mthembu786@mycput.ac.za,200000786,"Nursing Sciences","Bachelor of Nursing (Extended Curriculum Programme)","Year 0","Retreat CHC",2026-10-23,"18:00 - 06:00",
"Nadia Peters",nadia.peters787@mycput.ac.za,200000787,"Medical Imaging & Therapeutic Sciences","Bachelor of Science in Diagnostic Ultrasound","Year 3","Retreat MOU",2026-10-23,"19:00 - 07:00",
"Megan Pretorius",megan.pretorius788@mycput.ac.za,200000788,"Nursing Sciences","Bachelor of Nursing","Year 1","Retreat MOU",2026-10-23,"19:00 - 07:00",
"Willem Fester",willem.fester789@mycput.ac.za,200000789,"Nursing Sciences","Bachelor of Nursing (Extended Curriculum Programme)","Year 2","Retreat MOU",2026-10-23,"19:00 - 07:00",
"Nosipho Hendricks",nosipho.hendricks790@mycput.ac.za,200000790,"Nursing Sciences","Bachelor of Nursing","Year 2","Sea Point CPOA",2026-10-23,"07:00 - 19:00",
"Bongani Magerman",bongani.magerman791@mycput.ac.za,200000791,"Ophthalmic Sciences","Bachelor of Health Sciences in Opticianry","Year 2","Sea Point CPOA",2026-10-23,"07:00 - 19:00",
"Bulelwa Pillay",bulelwa.pillay792@mycput.ac.za,200000792,"Ophthalmic Sciences","Bachelor of Health Sciences in Opticianry","Year 4","Sea Point CPOA",2026-10-23,"07:00 - 19:00",
"Thabang Cebekhulu",thabang.cebekhulu793@mycput.ac.za,200000793,"Wellness Sciences","Advanced Diploma in Somatology","Year 4","St Vincent CDC",2026-10-23,"07:00 - 19:00",
"Xolani Mokoena",xolani.mokoena794@mycput.ac.za,200000794,"Emergency Medical Sciences","Higher Certificate in Emergency Medical Care","Year 1","St Vincent CDC",2026-10-23,"07:00 - 19:00",
"Nathan Singh",nathan.singh795@mycput.ac.za,200000795,"Medical Imaging & Therapeutic Sciences","Bachelor of Science in Diagnostic Ultrasound","Year 1","St Vincent CHC",2026-10-23,"18:00 - 06:00",
"Elsabe Liebenberg",elsabe.liebenberg796@mycput.ac.za,200000796,"Nursing Sciences","Bachelor of Nursing (Extended Curriculum Programme)","Year 4","St Vincent CHC",2026-10-23,"18:00 - 06:00",
"Elsabe Jonkers",elsabe.jonkers797@mycput.ac.za,200000797,"Emergency Medical Sciences","Bachelor of Emergency Medical Care (Extended Curriculum Programme)","Year 2","St Vincent CHC",2026-10-23,"18:00 - 06:00",
"Themba Zulu",themba.zulu798@mycput.ac.za,200000798,"Biomedical Sciences","Bachelor of Health Sciences in Medical Laboratory Science (Extended Curriculum Programme)","Year 0","St Vincent CHC",2026-10-23,"18:00 - 06:00",
"Nathan Buthelezi",nathan.buthelezi799@mycput.ac.za,200000799,"Emergency Medical Sciences","Bachelor of Emergency Medical Care","Year 1","St Vincent CHC",2026-10-23,"18:00 - 06:00",
"Palesa Sithole",palesa.sithole800@mycput.ac.za,200000800,"Nursing Sciences","Bachelor of Nursing","Year 4","Bishop Lavis CHC",2026-10-26,"07:00 - 19:00",
"Xolani Nel",xolani.nel801@mycput.ac.za,200000801,"Nursing Sciences","Bachelor of Nursing","Year 1","Bishop Lavis CHC",2026-10-26,"07:00 - 19:00",
"Elsabe Bezuidenhout",elsabe.bezuidenhout802@mycput.ac.za,200000802,"Nursing Sciences","Bachelor of Nursing","Year 3","Bishop Lavis CHC",2026-10-26,"07:00 - 19:00",
"Mbalentle Botha",mbalentle.botha803@mycput.ac.za,200000803,"Emergency Medical Sciences","Higher Certificate in Emergency Medical Care","Year 1","College of Emergency Care",2026-10-26,"06:00 - 18:00",
"Thabo Buthelezi",thabo.buthelezi804@mycput.ac.za,200000804,"Nursing Sciences","Bachelor of Nursing (Extended Curriculum Programme)","Year 1","College of Emergency Care",2026-10-26,"06:00 - 18:00",
"Zweli Liebenberg",zweli.liebenberg805@mycput.ac.za,200000805,"Biomedical Sciences","Bachelor of Health Sciences in Medical Laboratory Science","Year 4","Elsies River Clinic",2026-10-26,"06:00 - 18:00",
"Kabelo Jonkers",kabelo.jonkers806@mycput.ac.za,200000806,"Nursing Sciences","Bachelor of Nursing","Year 4","Elsies River Clinic",2026-10-26,"06:00 - 18:00",
"Mthokozisi Molefe",mthokozisi.molefe807@mycput.ac.za,200000807,"Wellness Sciences","Health and Wellness: Non-Diploma/Degree",N/A,"Grassy Park CHC",2026-10-26,"06:00 - 14:00",
"Ntombi Scheepers",ntombi.scheepers808@mycput.ac.za,200000808,"Nursing Sciences","Bachelor of Nursing (Extended Curriculum Programme)","Year 4","Grassy Park CHC",2026-10-26,"06:00 - 14:00",
"Karabo Louw",karabo.louw809@mycput.ac.za,200000809,"Medical Imaging & Therapeutic Sciences","Bachelor of Science in Diagnostic Ultrasound","Year 3","Grassy Park CHC",2026-10-26,"06:00 - 14:00",
"Naledi van Wyk",naledi.van.wyk810@mycput.ac.za,200000810,"Emergency Medical Sciences","Bachelor of Emergency Medical Care","Year 1","Kasselsvlei CDC",2026-10-26,"07:00 - 19:00",
"Thabo Hendricks",thabo.hendricks811@mycput.ac.za,200000811,"Ophthalmic Sciences","Bachelor of Health Sciences in Opticianry","Year 1","Kasselsvlei CDC",2026-10-26,"07:00 - 19:00",
"Kyle Erasmus",kyle.erasmus812@mycput.ac.za,200000812,"Medical Imaging & Therapeutic Sciences","Bachelor of Science in Radiation Therapy","Year 2","Macassar CHC",2026-10-26,"06:00 - 18:00",
"Lwazi Diedericks",lwazi.diedericks813@mycput.ac.za,200000813,"Nursing Sciences","Bachelor of Nursing (Extended Curriculum Programme)","Year 4","Macassar CHC",2026-10-26,"06:00 - 18:00",
"Lerato de Kock",lerato.de.kock814@mycput.ac.za,200000814,"Nursing Sciences","Bachelor of Nursing","Year 1","Macassar CHC",2026-10-26,"06:00 - 18:00",
"Lindiwe Smith",lindiwe.smith815@mycput.ac.za,200000815,"Emergency Medical Sciences","Diploma in Emergency Care","Year 2","Metro Ambulance Services",2026-10-26,"06:00 - 18:00",
"Susan Cloete",susan.cloete816@mycput.ac.za,200000816,"Medical Imaging & Therapeutic Sciences","Bachelor of Science in Diagnostic Ultrasound","Year 2","Metro Ambulance Services",2026-10-26,"06:00 - 18:00",
"Tebogo Grobler",tebogo.grobler817@mycput.ac.za,200000817,"Nursing Sciences","Bachelor of Nursing","Year 2","Metro Ambulance Services",2026-10-26,"06:00 - 18:00",
"Johannes Grobler",johannes.grobler818@mycput.ac.za,200000818,"Biomedical Sciences","Higher Certificate in Biomedical Sciences","Year 1","Metro Ambulance Services",2026-10-26,"06:00 - 18:00",
"Annelie Singh",annelie.singh819@mycput.ac.za,200000819,"Nursing Sciences","Bachelor of Nursing","Year 2","Paarl Hospital",2026-10-26,"07:00 - 17:00",
"Emily Frank",emily.frank820@mycput.ac.za,200000820,"Ophthalmic Sciences","Bachelor of Health Sciences in Opticianry","Year 2","Paarl Hospital",2026-10-26,"07:00 - 17:00",
"Henri Zulu",henri.zulu821@mycput.ac.za,200000821,"Emergency Medical Sciences","Bachelor of Emergency Medical Care","Year 2","Stellenbosch Hospital",2026-10-26,"07:00 - 19:00",
"Petrus Pretorius",petrus.pretorius822@mycput.ac.za,200000822,"Biomedical Sciences","Bachelor of Health Sciences in Medical Laboratory Science (Extended Curriculum Programme)","Year 2","Stellenbosch Hospital",2026-10-26,"07:00 - 19:00",
"Naledi Louw",naledi.louw823@mycput.ac.za,200000823,"Biomedical Sciences","Bachelor of Health Sciences in Medical Laboratory Science","Year 3","Stellenbosch Hospital",2026-10-26,"07:00 - 19:00",
"Hendrik Joseph",hendrik.joseph824@mycput.ac.za,200000824,"Nursing Sciences","Bachelor of Nursing (Extended Curriculum Programme)","Year 1","Stellenbosch Hospital",2026-10-26,"07:00 - 19:00",
"Kimberley Pretorius",kimberley.pretorius825@mycput.ac.za,200000825,"Emergency Medical Sciences","Bachelor of Emergency Medical Care (Extended Curriculum Programme)","Year 3","Tygerberg Hospital Anesthetic Department",2026-10-26,"06:00 - 14:00",
"Xolani Singh",xolani.singh826@mycput.ac.za,200000826,"Nursing Sciences","Bachelor of Nursing","Year 3","Tygerberg Hospital Anesthetic Department",2026-10-26,"06:00 - 14:00",
"Raeleng Ruth van der Merwe",raeleng.ruth.van.der.merwe827@mycput.ac.za,200000827,"Emergency Medical Sciences","Higher Certificate in Emergency Medical Care","Year 1","Tygerberg Hospital Anesthetic Department",2026-10-26,"06:00 - 14:00",
"Nosipho Molefe",nosipho.molefe828@mycput.ac.za,200000828,"Nursing Sciences","Bachelor of Nursing","Year 1","Vangate MOU",2026-10-26,"07:00 - 17:00",
"Sandile Mthembu",sandile.mthembu829@mycput.ac.za,200000829,"Biomedical Sciences","Bachelor of Health Sciences in Medical Laboratory Science (Extended Curriculum Programme)","Year 4","Vangate MOU",2026-10-26,"07:00 - 17:00",
"Hendrik Peters",hendrik.peters830@mycput.ac.za,200000830,"Nursing Sciences","Bachelor of Nursing (Extended Curriculum Programme)","Year 2","Vangate MOU",2026-10-26,"07:00 - 17:00",
"Onthatile Sibiya",onthatile.sibiya831@mycput.ac.za,200000831,"Biomedical Sciences","Bachelor of Health Sciences in Medical Laboratory Science (Extended Curriculum Programme)","Year 3","Vangate MOU",2026-10-26,"07:00 - 17:00",
"Refilwe Liebenberg",refilwe.liebenberg832@mycput.ac.za,200000832,"Emergency Medical Sciences","Diploma in Emergency Care","Year 2","Vangate MOU",2026-10-26,"07:00 - 17:00",
"Lerato Singh",lerato.singh833@mycput.ac.za,200000833,"Nursing Sciences","Bachelor of Nursing","Year 3","Vanguard CHC",2026-10-26,"18:00 - 06:00",
"Francois Burger",francois.burger834@mycput.ac.za,200000834,"Biomedical Sciences","Bachelor of Health Sciences in Medical Laboratory Science","Year 3","Vanguard CHC",2026-10-26,"18:00 - 06:00",
"Nadia Sauls",nadia.sauls835@mycput.ac.za,200000835,"Ophthalmic Sciences","Bachelor of Health Sciences in Opticianry","Year 2","Vanguard CHC",2026-10-26,"18:00 - 06:00",
"Talia Visser",talia.visser836@mycput.ac.za,200000836,"Nursing Sciences","Bachelor of Nursing","Year 2","Vanguard CHC",2026-10-26,"18:00 - 06:00",
"Kimberley van Wyk",kimberley.van.wyk837@mycput.ac.za,200000837,"Biomedical Sciences","Higher Certificate in Biomedical Sciences","Year 1","Air Mercy Services",2026-10-27,"06:00 - 14:00",
"Marietjie Botha",marietjie.botha838@mycput.ac.za,200000838,"Medical Imaging & Therapeutic Sciences","Bachelor of Science in Radiation Therapy","Year 2","Air Mercy Services",2026-10-27,"06:00 - 14:00",
"Annelie Buthelezi",annelie.buthelezi839@mycput.ac.za,200000839,"Biomedical Sciences","Bachelor of Health Sciences in Medical Laboratory Science (Extended Curriculum Programme)","Year 4","Air Mercy Services",2026-10-27,"06:00 - 14:00",
"Sizwe Swanepoel",sizwe.swanepoel840@mycput.ac.za,200000840,"Biomedical Sciences","Higher Certificate in Biomedical Sciences","Year 1","Air Mercy Services",2026-10-27,"06:00 - 14:00",
"Lungile Kekana",lungile.kekana841@mycput.ac.za,200000841,"Nursing Sciences","Bachelor of Nursing (Extended Curriculum Programme)","Year 0","Delft Community Health Centre",2026-10-27,"18:00 - 06:00",
"Palesa Nkosi",palesa.nkosi842@mycput.ac.za,200000842,"Biomedical Sciences","Higher Certificate in Biomedical Sciences","Year 1","Delft Community Health Centre",2026-10-27,"18:00 - 06:00",
"Nosipho Petersen",nosipho.petersen843@mycput.ac.za,200000843,"Emergency Medical Sciences","Bachelor of Emergency Medical Care (Extended Curriculum Programme)","Year 3","Delft Community Health Centre",2026-10-27,"18:00 - 06:00",
"Johannes de Kock",johannes.de.kock844@mycput.ac.za,200000844,"Nursing Sciences","Bachelor of Nursing (Extended Curriculum Programme)","Year 3","Delft Community Health Centre",2026-10-27,"18:00 - 06:00",
"Charl Sibiya",charl.sibiya845@mycput.ac.za,200000845,"Biomedical Sciences","Bachelor of Health Sciences in Medical Laboratory Science","Year 2","Erica Place CPOA",2026-10-27,"07:00 - 19:00",
"Sipho Frank",sipho.frank846@mycput.ac.za,200000846,"Ophthalmic Sciences","Bachelor of Health Sciences in Opticianry","Year 2","Erica Place CPOA",2026-10-27,"07:00 - 19:00",
"Shintleless le Booyse",shintleless.le.booyse847@mycput.ac.za,200000847,"Emergency Medical Sciences","Bachelor of Emergency Medical Care (Extended Curriculum Programme)","Year 4","Hanover Park CHC",2026-10-27,"07:00 - 17:00",
"Boitumelo Nkosi",boitumelo.nkosi848@mycput.ac.za,200000848,"Dental Sciences","Higher Certificate in Dental Assisting","Year 1","Hanover Park CHC",2026-10-27,"07:00 - 17:00",
"Lerato Olivier",lerato.olivier849@mycput.ac.za,200000849,"Nursing Sciences","Bachelor of Nursing (Extended Curriculum Programme)","Year 0","Khayelitsha Site B MOU",2026-10-27,"18:00 - 06:00",
"Sizwe Jonkers",sizwe.jonkers850@mycput.ac.za,200000850,"Ophthalmic Sciences","Bachelor of Health Sciences in Opticianry","Year 4","Khayelitsha Site B MOU",2026-10-27,"18:00 - 06:00",
"Liezl Jonkers",liezl.jonkers851@mycput.ac.za,200000851,"Nursing Sciences","Bachelor of Nursing","Year 2","Khayelitsha Site B MOU",2026-10-27,"18:00 - 06:00",
"Naledi Mostert",naledi.mostert852@mycput.ac.za,200000852,"Nursing Sciences","Bachelor of Nursing","Year 1","Khayelitsha Site B MOU",2026-10-27,"18:00 - 06:00",
"Tebogo Filander",tebogo.filander853@mycput.ac.za,200000853,"Emergency Medical Sciences","Bachelor of Emergency Medical Care","Year 3","Khayelitsha Site B MOU",2026-10-27,"18:00 - 06:00",
"Ntombi Kekana",ntombi.kekana854@mycput.ac.za,200000854,"Nursing Sciences","Bachelor of Nursing (Extended Curriculum Programme)","Year 3","Lentegeur Clinic",2026-10-27,"18:00 - 06:00",
"Kgomotso Frank",kgomotso.frank855@mycput.ac.za,200000855,"Emergency Medical Sciences","Higher Certificate in Emergency Medical Care","Year 1","Lentegeur Clinic",2026-10-27,"18:00 - 06:00",
"Lesego Kotze",lesego.kotze856@mycput.ac.za,200000856,"Nursing Sciences","Bachelor of Nursing","Year 2","Metro Ambulance Services",2026-10-27,"18:00 - 06:00",
"Palesa Moodley",palesa.moodley857@mycput.ac.za,200000857,"Biomedical Sciences","Bachelor of Health Sciences in Medical Laboratory Science","Year 1","Metro Ambulance Services",2026-10-27,"18:00 - 06:00",
"Nosipho Zulu",nosipho.zulu858@mycput.ac.za,200000858,"Emergency Medical Sciences","Bachelor of Emergency Medical Care","Year 4","Red Cross War Memorial Children's Hospital",2026-10-27,"07:00 - 17:00",
"Nosipho Arendse",nosipho.arendse859@mycput.ac.za,200000859,"Emergency Medical Sciences","Diploma in Emergency Care","Year 3","Red Cross War Memorial Children's Hospital",2026-10-27,"07:00 - 17:00",
"Sibusiso Magerman",sibusiso.magerman860@mycput.ac.za,200000860,"Emergency Medical Sciences","Diploma in Emergency Care","Year 2","Red Cross War Memorial Children's Hospital",2026-10-27,"07:00 - 17:00",
"Mpumelelo Jonkers",mpumelelo.jonkers861@mycput.ac.za,200000861,"Medical Imaging & Therapeutic Sciences","Bachelor of Science in Nuclear Medicine Technology","Year 1","Red Cross War Memorial Children's Hospital",2026-10-27,"07:00 - 17:00",
"Susan Moodley",susan.moodley862@mycput.ac.za,200000862,"Nursing Sciences","Bachelor of Nursing","Year 2","Reed Street CDC",2026-10-27,"18:00 - 06:00",
"Susan Mathebula",susan.mathebula863@mycput.ac.za,200000863,"Dental Sciences","Higher Certificate in Dental Assisting","Year 1","Reed Street CDC",2026-10-27,"18:00 - 06:00",
"Kagiso Steyn",kagiso.steyn864@mycput.ac.za,200000864,"Medical Imaging & Therapeutic Sciences","Bachelor of Science in Diagnostic Radiography","Year 4","Reed Street CDC",2026-10-27,"18:00 - 06:00",
"Francois Naidoo",francois.naidoo865@mycput.ac.za,200000865,"Ophthalmic Sciences","Bachelor of Health Sciences in Opticianry","Year 3","Reed Street CDC",2026-10-27,"18:00 - 06:00",
"Nosipho Fester",nosipho.fester866@mycput.ac.za,200000866,"Nursing Sciences","Bachelor of Nursing","Year 2","Rocklands Clinic",2026-10-27,"07:00 - 19:00",
"Chanel Louw",chanel.louw867@mycput.ac.za,200000867,"Nursing Sciences","Bachelor of Nursing (Extended Curriculum Programme)","Year 4","Rocklands Clinic",2026-10-27,"07:00 - 19:00",
"Chloe Naidoo",chloe.naidoo868@mycput.ac.za,200000868,"Wellness Sciences","Diploma in Somatology","Year 1","Sea Point CPOA",2026-10-27,"06:00 - 14:00",
"Lesego Bezuidenhout",lesego.bezuidenhout869@mycput.ac.za,200000869,"Nursing Sciences","Bachelor of Nursing (Extended Curriculum Programme)","Year 2","Sea Point CPOA",2026-10-27,"06:00 - 14:00",
"Zanele Ngcobo",zanele.ngcobo870@mycput.ac.za,200000870,"Emergency Medical Sciences","Bachelor of Emergency Medical Care (Extended Curriculum Programme)","Year 0","Sea Point CPOA",2026-10-27,"06:00 - 14:00",
"Raeleng Ruth Williams",raeleng.ruth.williams871@mycput.ac.za,200000871,"Biomedical Sciences","Bachelor of Health Sciences in Medical Laboratory Science (Extended Curriculum Programme)","Year 0","Sea Point CPOA",2026-10-27,"06:00 - 14:00",
"Megan Swartz",megan.swartz872@mycput.ac.za,200000872,"Nursing Sciences","Bachelor of Nursing (Extended Curriculum Programme)","Year 2","Sea Point CPOA",2026-10-27,"06:00 - 14:00",
"Palesa Ngcobo",palesa.ngcobo873@mycput.ac.za,200000873,"Biomedical Sciences","Higher Certificate in Biomedical Sciences","Year 1","Vanguard CHC",2026-10-27,"07:00 - 17:00",
"Bradley Visser",bradley.visser874@mycput.ac.za,200000874,"Emergency Medical Sciences","Diploma in Emergency Care","Year 1","Vanguard CHC",2026-10-27,"07:00 - 17:00",
"Zikhona Peters",zikhona.peters875@mycput.ac.za,200000875,"Nursing Sciences","Bachelor of Nursing (Extended Curriculum Programme)","Year 0","Vanguard CHC",2026-10-27,"07:00 - 17:00",
"Nosipho Basson",nosipho.basson876@mycput.ac.za,200000876,"Nursing Sciences","Bachelor of Nursing (Extended Curriculum Programme)","Year 3","College of Emergency Care",2026-10-28,"18:00 - 06:00",
"Reece Mathebula",reece.mathebula877@mycput.ac.za,200000877,"Medical Imaging & Therapeutic Sciences","Bachelor of Science in Diagnostic Ultrasound","Year 1","College of Emergency Care",2026-10-28,"18:00 - 06:00",
"Kyle Barnard",kyle.barnard878@mycput.ac.za,200000878,"Emergency Medical Sciences","Bachelor of Emergency Medical Care (Extended Curriculum Programme)","Year 3","College of Emergency Care",2026-10-28,"18:00 - 06:00",
"Palesa Pillay",palesa.pillay879@mycput.ac.za,200000879,"Dental Sciences","Higher Certificate in Dental Assisting","Year 1","College of Emergency Care",2026-10-28,"18:00 - 06:00",
"Refilwe Ngcobo",refilwe.ngcobo880@mycput.ac.za,200000880,"Emergency Medical Sciences","Bachelor of Emergency Medical Care (Extended Curriculum Programme)","Year 1","College of Emergency Care",2026-10-28,"18:00 - 06:00",
"Nosipho Dentlinger",nosipho.dentlinger881@mycput.ac.za,200000881,"Biomedical Sciences","Higher Certificate in Biomedical Sciences","Year 1","Goodwood CHC",2026-10-28,"07:00 - 17:00",
"Refilwe Barnard",refilwe.barnard882@mycput.ac.za,200000882,"Medical Imaging & Therapeutic Sciences","Bachelor of Science in Nuclear Medicine Technology","Year 2","Goodwood CHC",2026-10-28,"07:00 - 17:00",
"Jacobus Williams",jacobus.williams883@mycput.ac.za,200000883,"Medical Imaging & Therapeutic Sciences","Bachelor of Science in Diagnostic Radiography","Year 1","Goodwood CHC",2026-10-28,"07:00 - 17:00",
"Lesego Peters",lesego.peters884@mycput.ac.za,200000884,"Biomedical Sciences","Bachelor of Health Sciences in Medical Laboratory Science (Extended Curriculum Programme)","Year 0","Goodwood CHC",2026-10-28,"07:00 - 17:00",
"Nomfundo Williams",nomfundo.williams885@mycput.ac.za,200000885,"Nursing Sciences","Bachelor of Nursing","Year 4","Hout Bay Volunteer EMS",2026-10-28,"19:00 - 07:00",
"Nathan Botha",nathan.botha886@mycput.ac.za,200000886,"Wellness Sciences","Advanced Diploma in Somatology","Year 4","Hout Bay Volunteer EMS",2026-10-28,"19:00 - 07:00",
"Nomvula Govender",nomvula.govender887@mycput.ac.za,200000887,"Ophthalmic Sciences","Bachelor of Health Sciences in Opticianry","Year 3","Hout Bay Volunteer EMS",2026-10-28,"19:00 - 07:00",
"Susan Sauls",susan.sauls888@mycput.ac.za,200000888,"Nursing Sciences","Bachelor of Nursing","Year 3","Kasselsvlei CDC",2026-10-28,"06:00 - 14:00",
"Hendrik Mokoena",hendrik.mokoena889@mycput.ac.za,200000889,"Biomedical Sciences","Bachelor of Health Sciences in Medical Laboratory Science","Year 3","Kasselsvlei CDC",2026-10-28,"06:00 - 14:00",
"Philani Arendse",philani.arendse890@mycput.ac.za,200000890,"Dental Sciences","Higher Certificate in Dental Assisting","Year 1","Kasselsvlei CDC",2026-10-28,"06:00 - 14:00",
"Joshua Mathebula",joshua.mathebula891@mycput.ac.za,200000891,"Nursing Sciences","Bachelor of Nursing (Extended Curriculum Programme)","Year 2","Landsdowne Clinic",2026-10-28,"06:00 - 18:00",
"Bradley Joseph",bradley.joseph892@mycput.ac.za,200000892,"Biomedical Sciences","Bachelor of Health Sciences in Medical Laboratory Science (Extended Curriculum Programme)","Year 4","Landsdowne Clinic",2026-10-28,"06:00 - 18:00",
"Caleb Nkosi",caleb.nkosi893@mycput.ac.za,200000893,"Biomedical Sciences","Bachelor of Health Sciences in Medical Laboratory Science (Articulation)","Year 4","Landsdowne Clinic",2026-10-28,"06:00 - 18:00",
"Nathan Thomas",nathan.thomas894@mycput.ac.za,200000894,"Emergency Medical Sciences","Higher Certificate in Emergency Medical Care","Year 1","Macassar MOU",2026-10-28,"18:00 - 06:00",
"Ntombi Pretorius",ntombi.pretorius895@mycput.ac.za,200000895,"Wellness Sciences","Health and Wellness: Non-Diploma/Degree",N/A,"Macassar MOU",2026-10-28,"18:00 - 06:00",
"Lerato Frank",lerato.frank896@mycput.ac.za,200000896,"Medical Imaging & Therapeutic Sciences","Bachelor of Science in Radiation Therapy","Year 4","Macassar MOU",2026-10-28,"18:00 - 06:00",
"Chanel Singh",chanel.singh897@mycput.ac.za,200000897,"Nursing Sciences","Bachelor of Nursing","Year 2","South African Paramedic Services",2026-10-28,"06:00 - 14:00",
"Refilwe Olivier",refilwe.olivier898@mycput.ac.za,200000898,"Ophthalmic Sciences","Bachelor of Health Sciences in Opticianry","Year 4","South African Paramedic Services",2026-10-28,"06:00 - 14:00",
"Ayanda Jonkers",ayanda.jonkers899@mycput.ac.za,200000899,"Emergency Medical Sciences","Bachelor of Emergency Medical Care","Year 4","South African Paramedic Services",2026-10-28,"06:00 - 14:00",
"Mikayla Filander",mikayla.filander900@mycput.ac.za,200000900,"Ophthalmic Sciences","Bachelor of Health Sciences in Opticianry","Year 3","Stellenbosch Hospital",2026-10-28,"19:00 - 07:00",
"Chloe Coetzee",chloe.coetzee901@mycput.ac.za,200000901,"Emergency Medical Sciences","Higher Certificate in Emergency Medical Care","Year 1","Stellenbosch Hospital",2026-10-28,"19:00 - 07:00",
"Lindiwe Singh",lindiwe.singh902@mycput.ac.za,200000902,"Ophthalmic Sciences","Bachelor of Health Sciences in Opticianry","Year 1","Stellenbosch Hospital",2026-10-28,"19:00 - 07:00",
"Joshua Mostert",joshua.mostert903@mycput.ac.za,200000903,"Biomedical Sciences","Higher Certificate in Biomedical Sciences","Year 1","Stellenbosch Hospital",2026-10-28,"19:00 - 07:00",
"Nosipho Govender",nosipho.govender904@mycput.ac.za,200000904,"Emergency Medical Sciences","Diploma in Emergency Care","Year 3","Stellenbosch Hospital",2026-10-28,"19:00 - 07:00",
"Zanele Fredericks",zanele.fredericks905@mycput.ac.za,200000905,"Dental Sciences","Higher Certificate in Dental Assisting","Year 1","St Vincent CHC",2026-10-28,"18:00 - 06:00",
"Mpho Cebekhulu",mpho.cebekhulu906@mycput.ac.za,200000906,"Ophthalmic Sciences","Bachelor of Health Sciences in Opticianry","Year 3","St Vincent CHC",2026-10-28,"18:00 - 06:00",
"Xolani Sithole",xolani.sithole907@mycput.ac.za,200000907,"Nursing Sciences","Bachelor of Nursing","Year 2","St Vincent CHC",2026-10-28,"18:00 - 06:00",
"Naledi Venter",naledi.venter908@mycput.ac.za,200000908,"Emergency Medical Sciences","Bachelor of Emergency Medical Care (Extended Curriculum Programme)","Year 4","St Vincent CHC",2026-10-28,"18:00 - 06:00",
"Chanel Mahlangu",chanel.mahlangu909@mycput.ac.za,200000909,"Emergency Medical Sciences","Higher Certificate in Emergency Medical Care","Year 1","St Vincent CHC",2026-10-28,"18:00 - 06:00",
"Thabang Burger",thabang.burger910@mycput.ac.za,200000910,"Medical Imaging & Therapeutic Sciences","Bachelor of Science in Nuclear Medicine Technology","Year 1","Tygerberg Hospital Anesthetic Department",2026-10-28,"19:00 - 07:00",
"Reece Govender",reece.govender911@mycput.ac.za,200000911,"Nursing Sciences","Bachelor of Nursing","Year 2","Tygerberg Hospital Anesthetic Department",2026-10-28,"19:00 - 07:00",
"Nomfundo Swanepoel",nomfundo.swanepoel912@mycput.ac.za,200000912,"Ophthalmic Sciences","Bachelor of Health Sciences in Opticianry","Year 1","Tygerberg Hospital Anesthetic Department",2026-10-28,"19:00 - 07:00",
"Jade Basson",jade.basson913@mycput.ac.za,200000913,"Emergency Medical Sciences","Higher Certificate in Emergency Medical Care","Year 1","Tygerberg Hospital Anesthetic Department",2026-10-28,"19:00 - 07:00",
"Zikhona Viljoen",zikhona.viljoen914@mycput.ac.za,200000914,"Ophthalmic Sciences","Bachelor of Health Sciences in Opticianry","Year 4","Vanguard CHC",2026-10-28,"06:00 - 14:00",
"Anna Meyer",anna.meyer915@mycput.ac.za,200000915,"Dental Sciences","Higher Certificate in Dental Assisting","Year 1","Vanguard CHC",2026-10-28,"06:00 - 14:00",
"Rethabile Bezuidenhout",rethabile.bezuidenhout916@mycput.ac.za,200000916,"Nursing Sciences","Bachelor of Nursing (Extended Curriculum Programme)","Year 3","Vanguard CHC",2026-10-28,"06:00 - 14:00",
"Nomfundo Booyse",nomfundo.booyse917@mycput.ac.za,200000917,"Emergency Medical Sciences","Higher Certificate in Emergency Medical Care","Year 1","Western Cape Rehabilitation Centre",2026-10-28,"07:00 - 19:00",
"Nomvula Swanepoel",nomvula.swanepoel918@mycput.ac.za,200000918,"Nursing Sciences","Bachelor of Nursing","Year 3","Western Cape Rehabilitation Centre",2026-10-28,"07:00 - 19:00",
"Themba Mostert",themba.mostert919@mycput.ac.za,200000919,"Wellness Sciences","Advanced Diploma in Somatology","Year 4","Eastridge Clinic",2026-10-29,"06:00 - 14:00",
"Zanele Thomas",zanele.thomas920@mycput.ac.za,200000920,"Ophthalmic Sciences","Bachelor of Health Sciences in Opticianry","Year 2","Eastridge Clinic",2026-10-29,"06:00 - 14:00",
"Zanele Cebekhulu",zanele.cebekhulu921@mycput.ac.za,200000921,"Emergency Medical Sciences","Bachelor of Emergency Medical Care","Year 2","Eastridge Clinic",2026-10-29,"06:00 - 14:00",
"Zanele Dentlinger",zanele.dentlinger922@mycput.ac.za,200000922,"Biomedical Sciences","Higher Certificate in Biomedical Sciences","Year 1","Eastridge Clinic",2026-10-29,"06:00 - 14:00",
"Pieter Adams",pieter.adams923@mycput.ac.za,200000923,"Emergency Medical Sciences","Higher Certificate in Emergency Medical Care","Year 1","Eastridge Clinic",2026-10-29,"06:00 - 14:00",
"Nadia Grobler",nadia.grobler924@mycput.ac.za,200000924,"Medical Imaging & Therapeutic Sciences","Bachelor of Science in Nuclear Medicine Technology","Year 4","Elsies River CHC & MOU",2026-10-29,"18:00 - 06:00",
"Ntuthuko Fester",ntuthuko.fester925@mycput.ac.za,200000925,"Biomedical Sciences","Bachelor of Health Sciences in Medical Laboratory Science (Extended Curriculum Programme)","Year 0","Elsies River CHC & MOU",2026-10-29,"18:00 - 06:00",
"Thabang Ngcobo",thabang.ngcobo926@mycput.ac.za,200000926,"Medical Imaging & Therapeutic Sciences","Bachelor of Science in Radiation Therapy","Year 2","Elsies River CHC & MOU",2026-10-29,"18:00 - 06:00",
"Sizwe Mostert",sizwe.mostert927@mycput.ac.za,200000927,"Emergency Medical Sciences","Higher Certificate in Emergency Medical Care","Year 1","Elsies River CHC & MOU",2026-10-29,"18:00 - 06:00",
"Caleb Jansen",caleb.jansen928@mycput.ac.za,200000928,"Wellness Sciences","Health and Wellness: Non-Diploma/Degree",N/A,"Elsies River CHC & MOU",2026-10-29,"18:00 - 06:00",
"Thabo Mostert",thabo.mostert929@mycput.ac.za,200000929,"Ophthalmic Sciences","Bachelor of Health Sciences in Opticianry","Year 1","Heideveld Clinic",2026-10-29,"07:00 - 17:00",
"Mthokozisi Moodley",mthokozisi.moodley930@mycput.ac.za,200000930,"Nursing Sciences","Bachelor of Nursing","Year 3","Heideveld Clinic",2026-10-29,"07:00 - 17:00",
"Sibusiso Visser",sibusiso.visser931@mycput.ac.za,200000931,"Emergency Medical Sciences","Bachelor of Emergency Medical Care (Extended Curriculum Programme)","Year 4","Heideveld Clinic",2026-10-29,"07:00 - 17:00",
"Matshidiso Botha",matshidiso.botha932@mycput.ac.za,200000932,"Ophthalmic Sciences","Bachelor of Health Sciences in Opticianry","Year 4","Heideveld Clinic",2026-10-29,"07:00 - 17:00",
"Caleb Buthelezi",caleb.buthelezi933@mycput.ac.za,200000933,"Medical Imaging & Therapeutic Sciences","Bachelor of Science in Radiation Therapy","Year 4","Heideveld Clinic",2026-10-29,"07:00 - 17:00",
"Willem Nel",willem.nel934@mycput.ac.za,200000934,"Biomedical Sciences","Higher Certificate in Biomedical Sciences","Year 1","Ikhwezi Clinic",2026-10-29,"07:00 - 17:00",
"Ntombi Booyse",ntombi.booyse935@mycput.ac.za,200000935,"Dental Sciences","Higher Certificate in Dental Assisting","Year 1","Ikhwezi Clinic",2026-10-29,"07:00 - 17:00",
"Chloe Nel",chloe.nel936@mycput.ac.za,200000936,"Nursing Sciences","Bachelor of Nursing (Extended Curriculum Programme)","Year 3","Kasselsvlei CDC",2026-10-29,"06:00 - 14:00",
"Andile van Wyk",andile.van.wyk937@mycput.ac.za,200000937,"Nursing Sciences","Bachelor of Nursing","Year 4","Kasselsvlei CDC",2026-10-29,"06:00 - 14:00",
"Zanele Joseph",zanele.joseph938@mycput.ac.za,200000938,"Emergency Medical Sciences","Bachelor of Emergency Medical Care (Extended Curriculum Programme)","Year 4","Kasselsvlei CDC",2026-10-29,"06:00 - 14:00",
"Mikayla Adams",mikayla.adams939@mycput.ac.za,200000939,"Emergency Medical Sciences","Bachelor of Emergency Medical Care","Year 2","Kasselsvlei CDC",2026-10-29,"06:00 - 14:00",
"Zanele Bezuidenhout",zanele.bezuidenhout940@mycput.ac.za,200000940,"Medical Imaging & Therapeutic Sciences","Bachelor of Science in Nuclear Medicine Technology","Year 3","Lotus River CHC",2026-10-29,"18:00 - 06:00",
"Francois Steyn",francois.steyn941@mycput.ac.za,200000941,"Nursing Sciences","Bachelor of Nursing (Extended Curriculum Programme)","Year 2","Lotus River CHC",2026-10-29,"18:00 - 06:00",
"Tebogo Jonkers",tebogo.jonkers942@mycput.ac.za,200000942,"Emergency Medical Sciences","Bachelor of Emergency Medical Care","Year 1","Lotus River CHC",2026-10-29,"18:00 - 06:00",
"Elsabe Klaasen",elsabe.klaasen943@mycput.ac.za,200000943,"Nursing Sciences","Bachelor of Nursing","Year 1","Lotus River CHC",2026-10-29,"18:00 - 06:00",
"Mikayla Mokoena",mikayla.mokoena944@mycput.ac.za,200000944,"Wellness Sciences","Advanced Diploma in Somatology","Year 4","Lotus River CHC",2026-10-29,"18:00 - 06:00",
"Sibusiso Burger",sibusiso.burger945@mycput.ac.za,200000945,"Nursing Sciences","Bachelor of Nursing","Year 4","Macassar MOU",2026-10-29,"06:00 - 18:00",
"Tebogo Fester",tebogo.fester946@mycput.ac.za,200000946,"Emergency Medical Sciences","Bachelor of Emergency Medical Care (Extended Curriculum Programme)","Year 2","Macassar MOU",2026-10-29,"06:00 - 18:00",
"Keabetswe Fester",keabetswe.fester947@mycput.ac.za,200000947,"Nursing Sciences","Bachelor of Nursing (Extended Curriculum Programme)","Year 0","Macassar MOU",2026-10-29,"06:00 - 18:00",
"Zweli Jonkers",zweli.jonkers948@mycput.ac.za,200000948,"Emergency Medical Sciences","Higher Certificate in Emergency Medical Care","Year 1","Metro Emergency Medical Service - Western Division",2026-10-29,"07:00 - 17:00",
"Andile Fourie",andile.fourie949@mycput.ac.za,200000949,"Wellness Sciences","Advanced Diploma in Somatology","Year 4","Metro Emergency Medical Service - Western Division",2026-10-29,"07:00 - 17:00",
"Thandi Coetzee",thandi.coetzee950@mycput.ac.za,200000950,"Emergency Medical Sciences","Bachelor of Emergency Medical Care","Year 2","Metro Emergency Medical Service - Western Division",2026-10-29,"07:00 - 17:00",
"Ntuthuko Pretorius",ntuthuko.pretorius951@mycput.ac.za,200000951,"Ophthalmic Sciences","Bachelor of Health Sciences in Opticianry","Year 3","New Somerset Hospital",2026-10-29,"06:00 - 14:00",
"Amahle Smith",amahle.smith952@mycput.ac.za,200000952,"Biomedical Sciences","Bachelor of Health Sciences in Medical Laboratory Science (Articulation)","Year 3","New Somerset Hospital",2026-10-29,"06:00 - 14:00",
"Lungile Singh",lungile.singh953@mycput.ac.za,200000953,"Biomedical Sciences","Bachelor of Health Sciences in Medical Laboratory Science (Extended Curriculum Programme)","Year 0","New Somerset Hospital",2026-10-29,"06:00 - 14:00",
"Chanel Naidoo",chanel.naidoo954@mycput.ac.za,200000954,"Medical Imaging & Therapeutic Sciences","Bachelor of Science in Diagnostic Ultrasound","Year 4","Pinelands Place",2026-10-29,"07:00 - 19:00",
"Lindiwe Maphumulo",lindiwe.maphumulo955@mycput.ac.za,200000955,"Dental Sciences","Higher Certificate in Dental Assisting","Year 1","Pinelands Place",2026-10-29,"07:00 - 19:00",
"Henri Mostert",henri.mostert956@mycput.ac.za,200000956,"Nursing Sciences","Bachelor of Nursing (Extended Curriculum Programme)","Year 1","Pinelands Place",2026-10-29,"07:00 - 19:00",
"Sandile Mostert",sandile.mostert957@mycput.ac.za,200000957,"Wellness Sciences","Advanced Diploma in Somatology","Year 4","Pinelands Place",2026-10-29,"07:00 - 19:00",
"Anna Grobler",anna.grobler958@mycput.ac.za,200000958,"Dental Sciences","Higher Certificate in Dental Assisting","Year 1","Red Cross Air Mercy Service (AMS)",2026-10-29,"07:00 - 19:00",
"Nomfundo Govender",nomfundo.govender959@mycput.ac.za,200000959,"Biomedical Sciences","Higher Certificate in Biomedical Sciences","Year 1","Red Cross Air Mercy Service (AMS)",2026-10-29,"07:00 - 19:00",
"Nomsa Cloete",nomsa.cloete960@mycput.ac.za,200000960,"Nursing Sciences","Bachelor of Nursing (Extended Curriculum Programme)","Year 0","Red Cross Air Mercy Service (AMS)",2026-10-29,"07:00 - 19:00",
"Bradley Bezuidenhout",bradley.bezuidenhout961@mycput.ac.za,200000961,"Emergency Medical Sciences","Bachelor of Emergency Medical Care (Extended Curriculum Programme)","Year 2","Strand CHC",2026-10-29,"18:00 - 06:00",
"Joshua Dlamini",joshua.dlamini962@mycput.ac.za,200000962,"Nursing Sciences","Bachelor of Nursing","Year 1","Strand CHC",2026-10-29,"18:00 - 06:00",
"Kgomotso Joseph",kgomotso.joseph963@mycput.ac.za,200000963,"Nursing Sciences","Bachelor of Nursing (Extended Curriculum Programme)","Year 2","Strand CHC",2026-10-29,"18:00 - 06:00",
"Lwazi Nel",lwazi.nel964@mycput.ac.za,200000964,"Biomedical Sciences","Bachelor of Health Sciences in Medical Laboratory Science","Year 2","Strand CHC",2026-10-29,"18:00 - 06:00",
"Rethabile Nkosi",rethabile.nkosi965@mycput.ac.za,200000965,"Biomedical Sciences","Bachelor of Health Sciences in Medical Laboratory Science (Articulation)","Year 4","St Vincent CHC",2026-10-29,"18:00 - 06:00",
"Raeleng Ruth Thomas",raeleng.ruth.thomas966@mycput.ac.za,200000966,"Emergency Medical Sciences","Bachelor of Emergency Medical Care","Year 2","St Vincent CHC",2026-10-29,"18:00 - 06:00",
"Onthatile Erasmus",onthatile.erasmus967@mycput.ac.za,200000967,"Dental Sciences","Higher Certificate in Dental Assisting","Year 1","St Vincent CHC",2026-10-29,"18:00 - 06:00",
"Ruan Williams",ruan.williams968@mycput.ac.za,200000968,"Medical Imaging & Therapeutic Sciences","Bachelor of Science in Diagnostic Radiography","Year 3","St Vincent CHC",2026-10-29,"18:00 - 06:00",
"Amahle Nkosi",amahle.nkosi969@mycput.ac.za,200000969,"Wellness Sciences","Health and Wellness: Non-Diploma/Degree",N/A,"Vanguard CHC",2026-10-29,"18:00 - 06:00",
"Sandile Filander",sandile.filander970@mycput.ac.za,200000970,"Emergency Medical Sciences","Bachelor of Emergency Medical Care","Year 3","Vanguard CHC",2026-10-29,"18:00 - 06:00",
"Busisiwe Klaasen",busisiwe.klaasen971@mycput.ac.za,200000971,"Wellness Sciences","Health and Wellness: Non-Diploma/Degree",N/A,"Victoria Hospital",2026-10-29,"07:00 - 19:00",
"Kyle van Wyk",kyle.van.wyk972@mycput.ac.za,200000972,"Nursing Sciences","Bachelor of Nursing","Year 2","Victoria Hospital",2026-10-29,"07:00 - 19:00",
"Marietjie Williams",marietjie.williams973@mycput.ac.za,200000973,"Nursing Sciences","Bachelor of Nursing","Year 4","Victoria Hospital",2026-10-29,"07:00 - 19:00",
"Keabetswe Mathebula",keabetswe.mathebula974@mycput.ac.za,200000974,"Emergency Medical Sciences","Bachelor of Emergency Medical Care","Year 2","Anchusa CPOA",2026-10-30,"07:00 - 17:00",
"Keabetswe Frank",keabetswe.frank975@mycput.ac.za,200000975,"Medical Imaging & Therapeutic Sciences","Bachelor of Science in Diagnostic Ultrasound","Year 2","Anchusa CPOA",2026-10-30,"07:00 - 17:00",
"Busisiwe Venter",busisiwe.venter976@mycput.ac.za,200000976,"Medical Imaging & Therapeutic Sciences","Bachelor of Science in Diagnostic Ultrasound","Year 1","Anchusa CPOA",2026-10-30,"07:00 - 17:00",
"Thabo Visser",thabo.visser977@mycput.ac.za,200000977,"Ophthalmic Sciences","Bachelor of Health Sciences in Opticianry","Year 1","Anchusa CPOA",2026-10-30,"07:00 - 17:00",
"Nomsa Adams",nomsa.adams978@mycput.ac.za,200000978,"Nursing Sciences","Bachelor of Nursing","Year 1","Anchusa CPOA",2026-10-30,"07:00 - 17:00",
"Bradley Pretorius",bradley.pretorius979@mycput.ac.za,200000979,"Biomedical Sciences","Bachelor of Health Sciences in Medical Laboratory Science","Year 3","Emergency Medical Services (EMS) - Vredendal",2026-10-30,"07:00 - 17:00",
"Amahle Mokoena",amahle.mokoena980@mycput.ac.za,200000980,"Nursing Sciences","Bachelor of Nursing (Extended Curriculum Programme)","Year 0","Emergency Medical Services (EMS) - Vredendal",2026-10-30,"07:00 - 17:00",
"Thandi Smith",thandi.smith981@mycput.ac.za,200000981,"Nursing Sciences","Bachelor of Nursing","Year 4","Emergency Medical Services (EMS) - Vredendal",2026-10-30,"07:00 - 17:00",
"Chloe van der Merwe",chloe.van.der.merwe982@mycput.ac.za,200000982,"Biomedical Sciences","Bachelor of Health Sciences in Medical Laboratory Science (Articulation)","Year 4","Emergency Medical Services (EMS) - Vredendal",2026-10-30,"07:00 - 17:00",
"Andile van der Merwe",andile.van.der.merwe983@mycput.ac.za,200000983,"Ophthalmic Sciences","Bachelor of Health Sciences in Opticianry","Year 3","Emergency Medical Services (EMS) - Vredendal",2026-10-30,"07:00 - 17:00",
"Onthatile Visser",onthatile.visser984@mycput.ac.za,200000984,"Biomedical Sciences","Higher Certificate in Biomedical Sciences","Year 1","Erica Place CPOA",2026-10-30,"07:00 - 17:00",
"Mthokozisi Swanepoel",mthokozisi.swanepoel985@mycput.ac.za,200000985,"Nursing Sciences","Bachelor of Nursing (Extended Curriculum Programme)","Year 0","Erica Place CPOA",2026-10-30,"07:00 - 17:00",
"Annelie Joseph",annelie.joseph986@mycput.ac.za,200000986,"Emergency Medical Sciences","Diploma in Emergency Care","Year 2","Erica Place CPOA",2026-10-30,"07:00 - 17:00",
"Mpumelelo Booyse",mpumelelo.booyse987@mycput.ac.za,200000987,"Nursing Sciences","Bachelor of Nursing","Year 1","Erica Place CPOA",2026-10-30,"07:00 - 17:00",
"Henri Louw",henri.louw988@mycput.ac.za,200000988,"Nursing Sciences","Bachelor of Nursing","Year 1","Erica Place CPOA",2026-10-30,"07:00 - 17:00",
"Zweli Joseph",zweli.joseph989@mycput.ac.za,200000989,"Nursing Sciences","Bachelor of Nursing","Year 2","Hanover Park CHC",2026-10-30,"06:00 - 18:00",
"Zikhona Booyse",zikhona.booyse990@mycput.ac.za,200000990,"Nursing Sciences","Bachelor of Nursing","Year 2","Hanover Park CHC",2026-10-30,"06:00 - 18:00",
"Shannon Meyer",shannon.meyer991@mycput.ac.za,200000991,"Medical Imaging & Therapeutic Sciences","Bachelor of Science in Radiation Therapy","Year 2","Hanover Park CHC",2026-10-30,"06:00 - 18:00",
"Zikhona Jacobs",zikhona.jacobs992@mycput.ac.za,200000992,"Emergency Medical Sciences","Diploma in Emergency Care","Year 2","Hanover Park CHC",2026-10-30,"06:00 - 18:00",
"Kgomotso Mokoena",kgomotso.mokoena993@mycput.ac.za,200000993,"Biomedical Sciences","Bachelor of Health Sciences in Medical Laboratory Science (Articulation)","Year 2","Hanover Park CHC",2026-10-30,"06:00 - 18:00",
"Marietjie Barnard",marietjie.barnard994@mycput.ac.za,200000994,"Medical Imaging & Therapeutic Sciences","Bachelor of Science in Diagnostic Radiography","Year 4","Helderberg Hospital",2026-10-30,"06:00 - 18:00",
"Megan Dentlinger",megan.dentlinger995@mycput.ac.za,200000995,"Biomedical Sciences","Higher Certificate in Biomedical Sciences","Year 1","Helderberg Hospital",2026-10-30,"06:00 - 18:00",
"Themba Sithole",themba.sithole996@mycput.ac.za,200000996,"Nursing Sciences","Bachelor of Nursing (Extended Curriculum Programme)","Year 4","Helderberg Hospital",2026-10-30,"06:00 - 18:00",
"Reece Khumalo",reece.khumalo997@mycput.ac.za,200000997,"Emergency Medical Sciences","Bachelor of Emergency Medical Care (Extended Curriculum Programme)","Year 3","Landsdowne Clinic",2026-10-30,"18:00 - 06:00",
"Willem Fourie",willem.fourie998@mycput.ac.za,200000998,"Emergency Medical Sciences","Higher Certificate in Emergency Medical Care","Year 1","Landsdowne Clinic",2026-10-30,"18:00 - 06:00",
"Nosipho du Plessis",nosipho.du.plessis999@mycput.ac.za,200000999,"Medical Imaging & Therapeutic Sciences","Bachelor of Science in Nuclear Medicine Technology","Year 4","Landsdowne Clinic",2026-10-30,"18:00 - 06:00",
"Dawie Singh",dawie.singh1000@mycput.ac.za,200001000,"Emergency Medical Sciences","Bachelor of Emergency Medical Care (Extended Curriculum Programme)","Year 1","Louis Leipoldt Medi-Clinic",2026-10-30,"06:00 - 18:00",
